UTC,Open,High,Low,Close,Volume
16.12.2025 00:00:00.000 UTC,20.6799,20.6802,20.6761,20.6781,47.7
16.12.2025 00:01:00.000 UTC,20.678,20.682,20.6774,20.6808,74.4
16.12.2025 00:02:00.000 UTC,20.6807,20.6817,20.6794,20.68,70.2
16.12.2025 00:03:00.000 UTC,20.68,20.6808,20.6784,20.6796,75.27
16.12.2025 00:04:00.000 UTC,20.6794,20.6805,20.6779,20.6787,72.45
16.12.2025 00:05:00.000 UTC,20.6787,20.6795,20.6771,20.6789,9
16.12.2025 00:06:00.000 UTC,20.6785,20.6794,20.6781,20.6794,37.35
16.12.2025 00:07:00.000 UTC,20.6794,20.6794,20.6762,20.6776,62.25
16.12.2025 00:08:00.000 UTC,20.6778,20.6778,20.6761,20.6771,52.2
16.12.2025 00:09:00.000 UTC,20.6773,20.6784,20.6761,20.6773,71.4
16.12.2025 00:10:00.000 UTC,20.6773,20.6781,20.6761,20.6763,57.75
16.12.2025 00:11:00.000 UTC,20.6764,20.6774,20.6752,20.6766,48.9
16.12.2025 00:12:00.000 UTC,20.677,20.677,20.6758,20.6758,31.2
16.12.2025 00:13:00.000 UTC,20.6761,20.6777,20.6758,20.6777,43.2
16.12.2025 00:14:00.000 UTC,20.6777,20.6778,20.6765,20.6778,40.92
16.12.2025 00:15:00.000 UTC,20.6761,20.6778,20.6742,20.6757,109.98
16.12.2025 00:16:00.000 UTC,20.6758,20.6776,20.6754,20.6773,60.72
16.12.2025 00:17:00.000 UTC,20.6771,20.6794,20.6771,20.6791,108.15
16.12.2025 00:18:00.000 UTC,20.6793,20.6794,20.6781,20.6786,51.6
16.12.2025 00:19:00.000 UTC,20.6786,20.6793,20.6775,20.6793,23.4
16.12.2025 00:20:00.000 UTC,20.6781,20.6796,20.6778,20.6792,52.92
16.12.2025 00:21:00.000 UTC,20.6785,20.68,20.6784,20.6792,48.27
16.12.2025 00:22:00.000 UTC,20.6789,20.6794,20.6784,20.6784,51
16.12.2025 00:23:00.000 UTC,20.6785,20.6793,20.6785,20.6793,18
16.12.2025 00:24:00.000 UTC,20.6788,20.679,20.6779,20.6784,32.4
16.12.2025 00:25:00.000 UTC,20.6784,20.6816,20.6784,20.6816,69.15
16.12.2025 00:26:00.000 UTC,20.6816,20.682,20.6805,20.681,36.6
16.12.2025 00:27:00.000 UTC,20.6809,20.6817,20.6808,20.6812,21.6
16.12.2025 00:28:00.000 UTC,20.681,20.6817,20.6795,20.6808,53.04
16.12.2025 00:29:00.000 UTC,20.6808,20.6817,20.6797,20.6817,39.99
16.12.2025 00:30:00.000 UTC,20.6811,20.6811,20.6806,20.6806,26.4
16.12.2025 00:31:00.000 UTC,20.6809,20.6824,20.6809,20.6824,16.95
16.12.2025 00:32:00.000 UTC,20.6818,20.6818,20.6818,20.6818,3.6
16.12.2025 00:33:00.000 UTC,20.6821,20.6846,20.6821,20.6835,79.2
16.12.2025 00:34:00.000 UTC,20.6844,20.6848,20.6839,20.6848,13.2
16.12.2025 00:35:00.000 UTC,20.6848,20.6854,20.6848,20.6854,13.2
16.12.2025 00:36:00.000 UTC,20.6854,20.6866,20.685,20.685,27.75
16.12.2025 00:37:00.000 UTC,20.6854,20.6858,20.685,20.6855,7.8
16.12.2025 00:38:00.000 UTC,20.6859,20.686,20.6858,20.686,4.2
16.12.2025 00:39:00.000 UTC,20.6868,20.6882,20.6868,20.6876,25.8
16.12.2025 00:40:00.000 UTC,20.6877,20.6882,20.6875,20.6878,14.4
16.12.2025 00:41:00.000 UTC,20.6881,20.6882,20.6877,20.6879,12.6
16.12.2025 00:42:00.000 UTC,20.6877,20.6886,20.6877,20.6886,31.8
16.12.2025 00:43:00.000 UTC,20.6889,20.6898,20.6887,20.6888,27.45
16.12.2025 00:44:00.000 UTC,20.6887,20.6888,20.6873,20.6873,24.6
16.12.2025 00:45:00.000 UTC,20.6878,20.6887,20.6878,20.6881,24.15
16.12.2025 00:46:00.000 UTC,20.6884,20.6889,20.6877,20.6883,55.62
16.12.2025 00:47:00.000 UTC,20.6883,20.6915,20.6883,20.6915,61.32
16.12.2025 00:48:00.000 UTC,20.6909,20.6911,20.6909,20.6909,45.6
16.12.2025 00:49:00.000 UTC,20.6909,20.6909,20.6901,20.6906,22.2
16.12.2025 00:50:00.000 UTC,20.6911,20.6931,20.6911,20.6922,48
16.12.2025 00:51:00.000 UTC,20.6921,20.6941,20.6917,20.6941,52.2
16.12.2025 00:52:00.000 UTC,20.6941,20.6952,20.6935,20.6951,88.68
16.12.2025 00:53:00.000 UTC,20.6951,20.6963,20.6942,20.6952,141.18
16.12.2025 00:54:00.000 UTC,20.6956,20.6971,20.6951,20.6962,112.65
16.12.2025 00:55:00.000 UTC,20.6963,20.6973,20.6961,20.6971,138.42
16.12.2025 00:56:00.000 UTC,20.6971,20.7001,20.6963,20.7,101.52
16.12.2025 00:57:00.000 UTC,20.7,20.7001,20.6981,20.7001,110.91
16.12.2025 00:58:00.000 UTC,20.6993,20.7001,20.6991,20.7001,111.3
16.12.2025 00:59:00.000 UTC,20.6994,20.7001,20.6971,20.6971,137.7
16.12.2025 01:00:00.000 UTC,20.6981,20.6991,20.6972,20.6991,129.57
16.12.2025 01:01:00.000 UTC,20.6991,20.6997,20.697,20.6981,77.1
16.12.2025 01:02:00.000 UTC,20.6981,20.699,20.694,20.6941,86.1
16.12.2025 01:03:00.000 UTC,20.6942,20.6961,20.6931,20.6961,119.82
16.12.2025 01:04:00.000 UTC,20.6958,20.6961,20.6938,20.6941,40.8
16.12.2025 01:05:00.000 UTC,20.6942,20.6961,20.6942,20.6959,53.4
16.12.2025 01:06:00.000 UTC,20.6951,20.6956,20.6941,20.6951,47.55
16.12.2025 01:07:00.000 UTC,20.6951,20.6971,20.6943,20.6971,89.16
16.12.2025 01:08:00.000 UTC,20.6971,20.6989,20.6963,20.6971,69.3
16.12.2025 01:09:00.000 UTC,20.6971,20.7001,20.6971,20.6981,60.12
16.12.2025 01:10:00.000 UTC,20.6988,20.6991,20.6973,20.6991,68.82
16.12.2025 01:11:00.000 UTC,20.6991,20.7,20.6982,20.7,41.4
16.12.2025 01:12:00.000 UTC,20.7001,20.7001,20.6982,20.6991,31.35
16.12.2025 01:13:00.000 UTC,20.6986,20.6991,20.698,20.6991,44.4
16.12.2025 01:14:00.000 UTC,20.6998,20.7011,20.6998,20.7011,16.2
16.12.2025 01:15:00.000 UTC,20.7011,20.7021,20.6998,20.7011,38.4
16.12.2025 01:16:00.000 UTC,20.7011,20.7027,20.6991,20.6992,52.47
16.12.2025 01:17:00.000 UTC,20.6991,20.7011,20.6991,20.7001,38.07
16.12.2025 01:18:00.000 UTC,20.7001,20.7011,20.7001,20.7011,24.6
16.12.2025 01:19:00.000 UTC,20.7019,20.702,20.7009,20.702,41.4
16.12.2025 01:20:00.000 UTC,20.7012,20.7021,20.7003,20.7003,37.47
16.12.2025 01:21:00.000 UTC,20.7007,20.702,20.7001,20.7012,61.2
16.12.2025 01:22:00.000 UTC,20.7011,20.7021,20.7001,20.7002,88.05
16.12.2025 01:23:00.000 UTC,20.7002,20.7002,20.6992,20.6993,12
16.12.2025 01:24:00.000 UTC,20.6992,20.7013,20.6992,20.7011,27.6
16.12.2025 01:25:00.000 UTC,20.7011,20.7023,20.7011,20.7018,46.32
16.12.2025 01:26:00.000 UTC,20.7011,20.7031,20.7011,20.7021,28.35
16.12.2025 01:27:00.000 UTC,20.7021,20.7021,20.7013,20.7013,23.7
16.12.2025 01:28:00.000 UTC,20.7021,20.7021,20.7018,20.7021,27.6
16.12.2025 01:29:00.000 UTC,20.7021,20.7031,20.7021,20.7031,22.2
16.12.2025 01:30:00.000 UTC,20.7031,20.7033,20.7011,20.7011,74.85
16.12.2025 01:31:00.000 UTC,20.7011,20.702,20.7003,20.7004,60.6
16.12.2025 01:32:00.000 UTC,20.7004,20.7011,20.6981,20.6985,69.15
16.12.2025 01:33:00.000 UTC,20.6985,20.6997,20.6979,20.6993,73.35
16.12.2025 01:34:00.000 UTC,20.7,20.7005,20.699,20.699,56.55
16.12.2025 01:35:00.000 UTC,20.699,20.6993,20.6965,20.6983,94.05
16.12.2025 01:36:00.000 UTC,20.6983,20.6991,20.6958,20.6958,120.72
16.12.2025 01:37:00.000 UTC,20.6951,20.6969,20.6946,20.6948,126.6
16.12.2025 01:38:00.000 UTC,20.6948,20.6955,20.6939,20.6951,96.15
16.12.2025 01:39:00.000 UTC,20.6949,20.6951,20.6928,20.694,72.15
16.12.2025 01:40:00.000 UTC,20.6941,20.6946,20.6921,20.6931,85.5
16.12.2025 01:41:00.000 UTC,20.6931,20.6948,20.6931,20.6934,104.22
16.12.2025 01:42:00.000 UTC,20.6934,20.6952,20.6932,20.6942,84.15
16.12.2025 01:43:00.000 UTC,20.6944,20.6989,20.6941,20.6977,111.9
16.12.2025 01:44:00.000 UTC,20.6977,20.6988,20.6968,20.697,67.2
16.12.2025 01:45:00.000 UTC,20.697,20.6987,20.6969,20.6974,110.55
16.12.2025 01:46:00.000 UTC,20.6971,20.7011,20.6971,20.7011,116.07
16.12.2025 01:47:00.000 UTC,20.7008,20.7021,20.6994,20.7013,155.04
16.12.2025 01:48:00.000 UTC,20.7013,20.7036,20.7011,20.7033,105.6
16.12.2025 01:49:00.000 UTC,20.7035,20.7078,20.7034,20.7071,159.75
16.12.2025 01:50:00.000 UTC,20.7074,20.7093,20.7052,20.7093,133.2
16.12.2025 01:51:00.000 UTC,20.709,20.709,20.7051,20.7059,104.25
16.12.2025 01:52:00.000 UTC,20.7062,20.7071,20.7031,20.7064,90.87
16.12.2025 01:53:00.000 UTC,20.7063,20.7071,20.7051,20.7059,75.96
16.12.2025 01:54:00.000 UTC,20.7059,20.7063,20.7031,20.704,126.45
16.12.2025 01:55:00.000 UTC,20.7041,20.7044,20.7029,20.7039,64.35
16.12.2025 01:56:00.000 UTC,20.7033,20.7055,20.7023,20.7051,136.17
16.12.2025 01:57:00.000 UTC,20.705,20.7055,20.7031,20.7031,83.1
16.12.2025 01:58:00.000 UTC,20.7026,20.7041,20.7026,20.7034,59.76
16.12.2025 01:59:00.000 UTC,20.7031,20.7035,20.6996,20.7004,93.45
16.12.2025 02:00:00.000 UTC,20.7002,20.7024,20.6997,20.702,75.6
16.12.2025 02:01:00.000 UTC,20.702,20.7032,20.7013,20.7017,49.92
16.12.2025 02:02:00.000 UTC,20.7017,20.7022,20.7004,20.7013,68.1
16.12.2025 02:03:00.000 UTC,20.7014,20.7022,20.7004,20.7004,57
16.12.2025 02:04:00.000 UTC,20.7002,20.7025,20.7001,20.7021,51
16.12.2025 02:05:00.000 UTC,20.7022,20.7025,20.6991,20.6992,61.35
16.12.2025 02:06:00.000 UTC,20.6991,20.7001,20.6987,20.7001,44.25
16.12.2025 02:07:00.000 UTC,20.6999,20.7007,20.6988,20.6989,53.4
16.12.2025 02:08:00.000 UTC,20.6991,20.6996,20.6983,20.6992,30.3
16.12.2025 02:09:00.000 UTC,20.6994,20.6994,20.6971,20.6971,55.8
16.12.2025 02:10:00.000 UTC,20.6971,20.6976,20.6971,20.6976,15.75
16.12.2025 02:11:00.000 UTC,20.6976,20.6981,20.6961,20.6978,77.4
16.12.2025 02:12:00.000 UTC,20.6978,20.6992,20.6978,20.6982,34.35
16.12.2025 02:13:00.000 UTC,20.6986,20.6988,20.6973,20.6973,23.55
16.12.2025 02:14:00.000 UTC,20.6974,20.6974,20.6949,20.6961,44.85
16.12.2025 02:15:00.000 UTC,20.6961,20.6962,20.6951,20.6955,51.6
16.12.2025 02:16:00.000 UTC,20.6961,20.697,20.6961,20.6966,60.6
16.12.2025 02:17:00.000 UTC,20.6966,20.6977,20.6966,20.6971,56.82
16.12.2025 02:18:00.000 UTC,20.6974,20.6981,20.6971,20.6974,30.6
16.12.2025 02:19:00.000 UTC,20.6971,20.6973,20.6961,20.6967,50.79
16.12.2025 02:20:00.000 UTC,20.6967,20.6973,20.6961,20.6964,45
16.12.2025 02:21:00.000 UTC,20.6966,20.6966,20.6954,20.6956,18.75
16.12.2025 02:22:00.000 UTC,20.6956,20.6971,20.6952,20.6961,67.95
16.12.2025 02:23:00.000 UTC,20.6961,20.6971,20.6961,20.697,42.6
16.12.2025 02:24:00.000 UTC,20.697,20.698,20.697,20.6973,37.2
16.12.2025 02:25:00.000 UTC,20.6973,20.6973,20.6954,20.6961,37.35
16.12.2025 02:26:00.000 UTC,20.6962,20.6964,20.6936,20.6937,67.35
16.12.2025 02:27:00.000 UTC,20.6938,20.694,20.6931,20.6931,25.47
16.12.2025 02:28:00.000 UTC,20.6935,20.6942,20.6934,20.6941,41.1
16.12.2025 02:29:00.000 UTC,20.694,20.6941,20.6931,20.6941,37.95
16.12.2025 02:30:00.000 UTC,20.694,20.694,20.6927,20.6934,37.92
16.12.2025 02:31:00.000 UTC,20.6934,20.6934,20.6924,20.6927,31.95
16.12.2025 02:32:00.000 UTC,20.6927,20.6943,20.6927,20.694,24
16.12.2025 02:33:00.000 UTC,20.6941,20.6941,20.6932,20.6932,12
16.12.2025 02:34:00.000 UTC,20.6932,20.6951,20.6932,20.6945,33.72
16.12.2025 02:35:00.000 UTC,20.6945,20.6945,20.6932,20.6934,36
16.12.2025 02:36:00.000 UTC,20.6937,20.6951,20.6934,20.6941,31.2
16.12.2025 02:37:00.000 UTC,20.6944,20.6952,20.6944,20.6944,20.55
16.12.2025 02:38:00.000 UTC,20.6944,20.6944,20.6931,20.6943,19.2
16.12.2025 02:39:00.000 UTC,20.6943,20.6943,20.6934,20.6934,3
16.12.2025 02:40:00.000 UTC,20.6934,20.6943,20.6934,20.6943,15
16.12.2025 02:41:00.000 UTC,20.6943,20.6943,20.6921,20.6921,26.07
16.12.2025 02:42:00.000 UTC,20.6913,20.6922,20.6913,20.6922,13.2
16.12.2025 02:43:00.000 UTC,20.6922,20.6931,20.6913,20.6926,34.8
16.12.2025 02:44:00.000 UTC,20.6924,20.6924,20.692,20.6921,15.15
16.12.2025 02:45:00.000 UTC,20.6921,20.6936,20.6911,20.6936,54.75
16.12.2025 02:46:00.000 UTC,20.6933,20.6936,20.6931,20.6936,9.15
16.12.2025 02:47:00.000 UTC,20.6931,20.6938,20.6923,20.6923,23.4
16.12.2025 02:48:00.000 UTC,20.6927,20.6938,20.6927,20.6938,8.55
16.12.2025 02:49:00.000 UTC,20.694,20.6941,20.6938,20.6941,10.8
16.12.2025 02:50:00.000 UTC,20.6938,20.6946,20.6928,20.6939,19.8
16.12.2025 02:51:00.000 UTC,20.6931,20.694,20.6931,20.6938,8.4
16.12.2025 02:52:00.000 UTC,20.6931,20.6941,20.6931,20.6941,13.2
16.12.2025 02:53:00.000 UTC,20.6941,20.6941,20.6921,20.6921,24.6
16.12.2025 02:54:00.000 UTC,20.6921,20.6931,20.6918,20.6931,28.8
16.12.2025 02:55:00.000 UTC,20.6931,20.6931,20.6921,20.6921,12
16.12.2025 02:56:00.000 UTC,20.6921,20.6931,20.6911,20.6911,27.6
16.12.2025 02:57:00.000 UTC,20.6911,20.6924,20.6911,20.6914,25.2
16.12.2025 02:58:00.000 UTC,20.6914,20.6923,20.6914,20.6923,3
16.12.2025 02:59:00.000 UTC,20.6923,20.6923,20.6918,20.6921,23.1
16.12.2025 03:00:00.000 UTC,20.6921,20.6931,20.6921,20.6931,24.6
16.12.2025 03:01:00.000 UTC,20.6931,20.6931,20.6924,20.6924,50.4
16.12.2025 03:02:00.000 UTC,20.6921,20.6921,20.6881,20.6884,45
16.12.2025 03:03:00.000 UTC,20.6884,20.6884,20.6864,20.6872,52.65
16.12.2025 03:04:00.000 UTC,20.687,20.688,20.6861,20.6873,30.3
16.12.2025 03:05:00.000 UTC,20.6873,20.6904,20.6873,20.6904,34.2
16.12.2025 03:06:00.000 UTC,20.6904,20.6931,20.6904,20.6931,23.4
16.12.2025 03:07:00.000 UTC,20.6931,20.6931,20.6899,20.6899,31.35
16.12.2025 03:08:00.000 UTC,20.6899,20.691,20.6895,20.6895,40.47
16.12.2025 03:09:00.000 UTC,20.6895,20.6895,20.6895,20.6895,14.4
16.12.2025 03:10:00.000 UTC,20.6898,20.6924,20.6895,20.6924,39.3
16.12.2025 03:11:00.000 UTC,20.6924,20.6941,20.6924,20.6935,21.6
16.12.2025 03:12:00.000 UTC,20.6941,20.6953,20.6935,20.6953,17.4
16.12.2025 03:13:00.000 UTC,20.6953,20.6961,20.6946,20.6946,22.95
16.12.2025 03:14:00.000 UTC,20.6948,20.6951,20.6946,20.6946,6
16.12.2025 03:15:00.000 UTC,20.6942,20.6945,20.6935,20.6945,32.67
16.12.2025 03:16:00.000 UTC,20.6945,20.6945,20.6936,20.6941,36.6
16.12.2025 03:17:00.000 UTC,20.6938,20.6951,20.6938,20.6946,28.35
16.12.2025 03:18:00.000 UTC,20.6941,20.6941,20.6931,20.6931,20.4
16.12.2025 03:19:00.000 UTC,20.6932,20.6941,20.6932,20.6941,21.6
16.12.2025 03:20:00.000 UTC,20.6941,20.6956,20.6941,20.6951,43.35
16.12.2025 03:21:00.000 UTC,20.6951,20.6971,20.6951,20.6961,40.8
16.12.2025 03:22:00.000 UTC,20.6961,20.6971,20.6952,20.696,66.9
16.12.2025 03:23:00.000 UTC,20.6956,20.6961,20.6951,20.6961,25.8
16.12.2025 03:24:00.000 UTC,20.6961,20.6977,20.6961,20.6972,10.2
16.12.2025 03:25:00.000 UTC,20.6971,20.6981,20.6966,20.6966,26.4
16.12.2025 03:26:00.000 UTC,20.6971,20.6988,20.6971,20.6981,22.95
16.12.2025 03:27:00.000 UTC,20.6984,20.6991,20.6984,20.699,12
16.12.2025 03:28:00.000 UTC,20.698,20.6996,20.698,20.6981,39
16.12.2025 03:29:00.000 UTC,20.6982,20.6991,20.6979,20.6989,36
16.12.2025 03:30:00.000 UTC,20.6992,20.7015,20.6992,20.701,19.92
16.12.2025 03:31:00.000 UTC,20.7007,20.701,20.7,20.7008,25.8
16.12.2025 03:32:00.000 UTC,20.7001,20.7013,20.7,20.7011,25.95
16.12.2025 03:33:00.000 UTC,20.7011,20.7013,20.7,20.7001,22.02
16.12.2025 03:34:00.000 UTC,20.7001,20.7005,20.6997,20.7001,27.15
16.12.2025 03:35:00.000 UTC,20.7004,20.7004,20.7001,20.7001,10.8
16.12.2025 03:36:00.000 UTC,20.6993,20.7011,20.6993,20.7011,7.2
16.12.2025 03:37:00.000 UTC,20.7009,20.7015,20.6996,20.7011,25.8
16.12.2025 03:38:00.000 UTC,20.7011,20.7011,20.6988,20.7001,55.2
16.12.2025 03:39:00.000 UTC,20.7001,20.7001,20.7,20.7001,9.45
16.12.2025 03:40:00.000 UTC,20.6991,20.7018,20.6991,20.7011,22.8
16.12.2025 03:41:00.000 UTC,20.7018,20.7021,20.7011,20.7021,13.2
16.12.2025 03:42:00.000 UTC,20.7021,20.7026,20.7011,20.7021,21.6
16.12.2025 03:43:00.000 UTC,20.7021,20.7028,20.7021,20.7028,15.6
16.12.2025 03:44:00.000 UTC,20.7021,20.7023,20.7021,20.7023,16.2
16.12.2025 03:45:00.000 UTC,20.7026,20.7026,20.7014,20.7014,14.4
16.12.2025 03:46:00.000 UTC,20.7015,20.7015,20.7,20.7001,18.15
16.12.2025 03:47:00.000 UTC,20.7002,20.7007,20.7002,20.7007,5.4
16.12.2025 03:48:00.000 UTC,20.7001,20.7005,20.6991,20.6994,32.4
16.12.2025 03:49:00.000 UTC,20.6991,20.6991,20.6991,20.6991,2.4
16.12.2025 03:50:00.000 UTC,20.6991,20.7001,20.6991,20.7,15.15
16.12.2025 03:51:00.000 UTC,20.6992,20.6999,20.6991,20.6999,15.6
16.12.2025 03:52:00.000 UTC,20.6996,20.7001,20.6991,20.7001,9.6
16.12.2025 03:53:00.000 UTC,20.6997,20.7011,20.699,20.7011,14.4
16.12.2025 03:54:00.000 UTC,20.7011,20.7011,20.7,20.7001,24.72
16.12.2025 03:55:00.000 UTC,20.7001,20.7011,20.7,20.7011,7.2
16.12.2025 03:56:00.000 UTC,20.7001,20.7016,20.6999,20.7016,13.8
16.12.2025 03:57:00.000 UTC,20.7018,20.702,20.7011,20.7011,12
16.12.2025 03:58:00.000 UTC,20.7011,20.7011,20.7004,20.7005,8.4
16.12.2025 03:59:00.000 UTC,20.7001,20.7003,20.7,20.7,6
16.12.2025 04:00:00.000 UTC,20.6991,20.6991,20.6979,20.6991,22.2
16.12.2025 04:01:00.000 UTC,20.6991,20.6991,20.6989,20.6991,15
16.12.2025 04:02:00.000 UTC,20.6981,20.6996,20.6976,20.6996,24.6
16.12.2025 04:03:00.000 UTC,20.6996,20.7023,20.6996,20.702,30.6
16.12.2025 04:04:00.000 UTC,20.702,20.7022,20.702,20.7021,14.85
16.12.2025 04:05:00.000 UTC,20.702,20.7022,20.702,20.7022,12
16.12.2025 04:06:00.000 UTC,20.7021,20.7021,20.7021,20.7021,3.6
16.12.2025 04:07:00.000 UTC,20.7015,20.7021,20.6995,20.7021,8.7
16.12.2025 04:08:00.000 UTC,20.7021,20.7021,20.7011,20.7021,15.6
16.12.2025 04:09:00.000 UTC,20.7021,20.7021,20.7014,20.7016,3.6
16.12.2025 04:10:00.000 UTC,20.7012,20.7012,20.7007,20.701,4.8
16.12.2025 04:11:00.000 UTC,20.7011,20.7011,20.7006,20.7009,15
16.12.2025 04:12:00.000 UTC,20.7,20.701,20.7,20.701,6.6
16.12.2025 04:13:00.000 UTC,20.701,20.702,20.701,20.702,7.2
16.12.2025 04:14:00.000 UTC,20.7021,20.7025,20.7021,20.7025,6
16.12.2025 04:15:00.000 UTC,20.7028,20.7029,20.7028,20.7029,3.6
16.12.2025 04:16:00.000 UTC,20.7021,20.7021,20.7014,20.7021,9.6
16.12.2025 04:17:00.000 UTC,20.7021,20.7021,20.7021,20.7021,2.4
16.12.2025 04:18:00.000 UTC,20.7016,20.7016,20.7016,20.7016,6.75
16.12.2025 04:19:00.000 UTC,20.7016,20.7016,20.7016,20.7016,4.8
16.12.2025 04:20:00.000 UTC,20.7011,20.7011,20.701,20.7011,7.8
16.12.2025 04:21:00.000 UTC,20.7001,20.7004,20.7,20.7001,9.6
16.12.2025 04:22:00.000 UTC,20.6997,20.7001,20.6991,20.6996,14.52
16.12.2025 04:23:00.000 UTC,20.6996,20.7001,20.6991,20.7001,5.4
16.12.2025 04:24:00.000 UTC,20.6997,20.6997,20.6991,20.6991,4.8
16.12.2025 04:25:00.000 UTC,20.6981,20.6991,20.6981,20.6981,28.32
16.12.2025 04:26:00.000 UTC,20.6981,20.6981,20.6971,20.6971,24
16.12.2025 04:27:00.000 UTC,20.6971,20.6979,20.6971,20.6971,14.4
16.12.2025 04:28:00.000 UTC,20.6961,20.6981,20.6961,20.6971,26.4
16.12.2025 04:29:00.000 UTC,20.6971,20.6975,20.6968,20.6973,16.2
16.12.2025 04:30:00.000 UTC,20.6981,20.6994,20.6979,20.6991,16.2
16.12.2025 04:31:00.000 UTC,20.6991,20.6991,20.6977,20.6978,17.1
16.12.2025 04:32:00.000 UTC,20.6984,20.6986,20.6981,20.6981,8.4
16.12.2025 04:33:00.000 UTC,20.6981,20.6981,20.6979,20.6979,2.4
16.12.2025 04:35:00.000 UTC,20.6957,20.6973,20.6957,20.697,18.9
16.12.2025 04:36:00.000 UTC,20.6971,20.6981,20.6971,20.6981,6
16.12.2025 04:37:00.000 UTC,20.6974,20.6981,20.6974,20.6981,7.2
16.12.2025 04:38:00.000 UTC,20.6981,20.6991,20.697,20.6971,19.32
16.12.2025 04:39:00.000 UTC,20.6971,20.698,20.6971,20.6977,42
16.12.2025 04:40:00.000 UTC,20.6978,20.6981,20.6971,20.6981,14.4
16.12.2025 04:41:00.000 UTC,20.6972,20.6987,20.6972,20.6987,8.4
16.12.2025 04:42:00.000 UTC,20.6981,20.6981,20.6966,20.6971,16.2
16.12.2025 04:43:00.000 UTC,20.6971,20.6985,20.6971,20.6978,15.6
16.12.2025 04:44:00.000 UTC,20.6972,20.6972,20.6972,20.6972,1.8
16.12.2025 04:45:00.000 UTC,20.6959,20.6959,20.6957,20.6958,13.2
16.12.2025 04:46:00.000 UTC,20.6967,20.6971,20.6967,20.6967,10.2
16.12.2025 04:47:00.000 UTC,20.6966,20.697,20.6966,20.697,4.2
16.12.2025 04:48:00.000 UTC,20.6975,20.6983,20.6975,20.698,6.6
16.12.2025 04:49:00.000 UTC,20.6978,20.6978,20.6971,20.6971,5.7
16.12.2025 04:50:00.000 UTC,20.6971,20.6974,20.6971,20.6974,8.55
16.12.2025 04:51:00.000 UTC,20.6981,20.6987,20.6979,20.6984,13.8
16.12.2025 04:52:00.000 UTC,20.6987,20.6995,20.6962,20.6995,22.8
16.12.2025 04:53:00.000 UTC,20.6997,20.7011,20.6991,20.7001,31.95
16.12.2025 04:54:00.000 UTC,20.7005,20.7011,20.699,20.6991,24.72
16.12.2025 04:55:00.000 UTC,20.6991,20.6991,20.6981,20.6989,21.45
16.12.2025 04:56:00.000 UTC,20.699,20.6991,20.6979,20.6984,8.4
16.12.2025 04:57:00.000 UTC,20.6984,20.7001,20.6984,20.7001,12
16.12.2025 04:58:00.000 UTC,20.7,20.7008,20.7,20.7001,21.6
16.12.2025 04:59:00.000 UTC,20.6995,20.7004,20.6995,20.7003,11.4
16.12.2025 05:00:00.000 UTC,20.7005,20.7014,20.7001,20.701,20.4
16.12.2025 05:01:00.000 UTC,20.7007,20.7008,20.7,20.7,12.6
16.12.2025 05:02:00.000 UTC,20.6999,20.7001,20.6995,20.6995,7.8
16.12.2025 05:03:00.000 UTC,20.6991,20.7015,20.6991,20.7011,18
16.12.2025 05:04:00.000 UTC,20.7011,20.7011,20.6991,20.6991,8.4
16.12.2025 05:05:00.000 UTC,20.6981,20.6981,20.6971,20.6971,12
16.12.2025 05:06:00.000 UTC,20.6963,20.6965,20.696,20.6961,14.4
16.12.2025 05:07:00.000 UTC,20.6963,20.6971,20.6962,20.6971,12
16.12.2025 05:08:00.000 UTC,20.6971,20.6991,20.6971,20.699,12
16.12.2025 05:09:00.000 UTC,20.6988,20.6988,20.6971,20.6981,19.95
16.12.2025 05:10:00.000 UTC,20.6981,20.6981,20.6976,20.6976,6
16.12.2025 05:11:00.000 UTC,20.6975,20.6991,20.6975,20.6991,13.47
16.12.2025 05:12:00.000 UTC,20.6991,20.7001,20.6991,20.7001,20.85
16.12.2025 05:13:00.000 UTC,20.7001,20.701,20.6999,20.7006,15.15
16.12.2025 05:14:00.000 UTC,20.7004,20.701,20.7,20.7001,34.2
16.12.2025 05:15:00.000 UTC,20.7,20.7006,20.6997,20.6997,16.5
16.12.2025 05:16:00.000 UTC,20.7001,20.7007,20.6992,20.6992,16.8
16.12.2025 05:17:00.000 UTC,20.6985,20.6996,20.6985,20.6996,16.95
16.12.2025 05:18:00.000 UTC,20.6994,20.6996,20.6991,20.6996,15
16.12.2025 05:19:00.000 UTC,20.6994,20.6994,20.6989,20.6989,5.4
16.12.2025 05:20:00.000 UTC,20.6986,20.6995,20.6981,20.6981,29.4
16.12.2025 05:21:00.000 UTC,20.698,20.6983,20.6972,20.6981,16.8
16.12.2025 05:22:00.000 UTC,20.6981,20.6981,20.697,20.6971,11.4
16.12.2025 05:23:00.000 UTC,20.6971,20.6981,20.6971,20.6981,27
16.12.2025 05:24:00.000 UTC,20.697,20.6981,20.697,20.6981,8.4
16.12.2025 05:25:00.000 UTC,20.6981,20.6999,20.6981,20.6991,18
16.12.2025 05:26:00.000 UTC,20.6991,20.6991,20.699,20.6991,12
16.12.2025 05:27:00.000 UTC,20.6985,20.6998,20.6966,20.6991,14.7
16.12.2025 05:28:00.000 UTC,20.6991,20.6991,20.6991,20.6991,4.8
16.12.2025 05:29:00.000 UTC,20.6989,20.6989,20.6971,20.698,22.05
16.12.2025 05:30:00.000 UTC,20.6981,20.6991,20.6971,20.698,46.65
16.12.2025 05:31:00.000 UTC,20.6981,20.6981,20.6976,20.6976,4.2
16.12.2025 05:32:00.000 UTC,20.6976,20.6977,20.697,20.697,10.2
16.12.2025 05:33:00.000 UTC,20.6967,20.7,20.6961,20.6993,54.9
16.12.2025 05:34:00.000 UTC,20.6995,20.7021,20.6993,20.7021,39.3
16.12.2025 05:35:00.000 UTC,20.7026,20.7031,20.7021,20.7024,33.15
16.12.2025 05:36:00.000 UTC,20.7026,20.7031,20.7011,20.7013,37.65
16.12.2025 05:37:00.000 UTC,20.7013,20.7013,20.7001,20.7001,19.8
16.12.2025 05:38:00.000 UTC,20.7001,20.7007,20.6999,20.7001,10.8
16.12.2025 05:39:00.000 UTC,20.7006,20.7021,20.7006,20.7011,27.6
16.12.2025 05:40:00.000 UTC,20.7001,20.7015,20.7001,20.7011,10.8
16.12.2025 05:41:00.000 UTC,20.7011,20.7011,20.6991,20.6991,24.6
16.12.2025 05:42:00.000 UTC,20.6981,20.6981,20.6971,20.6978,13.2
16.12.2025 05:43:00.000 UTC,20.698,20.698,20.695,20.6951,7.8
16.12.2025 05:44:00.000 UTC,20.6982,20.6989,20.6982,20.6987,8.4
16.12.2025 05:45:00.000 UTC,20.6987,20.6987,20.6981,20.6986,9.6
16.12.2025 05:46:00.000 UTC,20.6986,20.6986,20.6975,20.6979,16.8
16.12.2025 05:47:00.000 UTC,20.6979,20.6979,20.697,20.697,9.15
16.12.2025 05:48:00.000 UTC,20.6971,20.6983,20.6971,20.6983,12.75
16.12.2025 05:49:00.000 UTC,20.6984,20.6984,20.698,20.698,2.4
16.12.2025 05:50:00.000 UTC,20.6977,20.6983,20.6977,20.698,17.4
16.12.2025 05:51:00.000 UTC,20.6976,20.6982,20.697,20.6977,22.2
16.12.2025 05:52:00.000 UTC,20.6974,20.6985,20.6968,20.6971,49.8
16.12.2025 05:53:00.000 UTC,20.6971,20.6971,20.6955,20.6961,39.75
16.12.2025 05:54:00.000 UTC,20.6961,20.6962,20.6958,20.6961,9.6
16.12.2025 05:55:00.000 UTC,20.695,20.7014,20.695,20.701,52.95
16.12.2025 05:56:00.000 UTC,20.701,20.701,20.6995,20.6995,23.55
16.12.2025 05:57:00.000 UTC,20.6995,20.7016,20.6995,20.7011,27.75
16.12.2025 05:58:00.000 UTC,20.7011,20.7034,20.7011,20.7029,27.15
16.12.2025 05:59:00.000 UTC,20.7029,20.7029,20.7019,20.7019,29.1
16.12.2025 06:00:00.000 UTC,20.7018,20.7063,20.7018,20.7061,129.15
16.12.2025 06:01:00.000 UTC,20.7067,20.7076,20.7059,20.7061,52.2
16.12.2025 06:02:00.000 UTC,20.7061,20.7063,20.7049,20.7063,36.75
16.12.2025 06:03:00.000 UTC,20.7062,20.7063,20.7053,20.7058,18.6
16.12.2025 06:04:00.000 UTC,20.706,20.7072,20.706,20.7069,31.95
16.12.2025 06:05:00.000 UTC,20.7069,20.7078,20.7068,20.7074,14.4
16.12.2025 06:06:00.000 UTC,20.7068,20.7068,20.7056,20.706,13.05
16.12.2025 06:07:00.000 UTC,20.7056,20.7061,20.7052,20.7061,14.4
16.12.2025 06:08:00.000 UTC,20.7055,20.7064,20.705,20.7061,19.95
16.12.2025 06:09:00.000 UTC,20.7061,20.7061,20.7051,20.7051,12
16.12.2025 06:10:00.000 UTC,20.7054,20.706,20.705,20.7051,24.75
16.12.2025 06:11:00.000 UTC,20.7056,20.7056,20.7041,20.7044,17.25
16.12.2025 06:12:00.000 UTC,20.7044,20.7044,20.7029,20.7035,16.8
16.12.2025 06:13:00.000 UTC,20.7033,20.7054,20.7033,20.705,29.55
16.12.2025 06:14:00.000 UTC,20.705,20.7061,20.7048,20.7061,40.8
16.12.2025 06:15:00.000 UTC,20.7064,20.707,20.706,20.707,18
16.12.2025 06:16:00.000 UTC,20.7066,20.7075,20.7062,20.7067,15.75
16.12.2025 06:17:00.000 UTC,20.7068,20.7092,20.7068,20.7088,31.05
16.12.2025 06:18:00.000 UTC,20.7088,20.7088,20.7088,20.7088,6
16.12.2025 06:19:00.000 UTC,20.7088,20.7096,20.7087,20.7089,33.6
16.12.2025 06:20:00.000 UTC,20.7089,20.7101,20.7082,20.7097,54
16.12.2025 06:21:00.000 UTC,20.7094,20.7122,20.7091,20.7104,70.65
16.12.2025 06:22:00.000 UTC,20.7101,20.7107,20.7091,20.7094,31.5
16.12.2025 06:23:00.000 UTC,20.7093,20.7108,20.7093,20.7108,34.8
16.12.2025 06:24:00.000 UTC,20.7108,20.7108,20.7095,20.7101,21.45
16.12.2025 06:25:00.000 UTC,20.7095,20.71,20.7087,20.7087,19.65
16.12.2025 06:26:00.000 UTC,20.7098,20.7107,20.7098,20.7103,34.05
16.12.2025 06:27:00.000 UTC,20.7103,20.7103,20.7082,20.7089,59.55
16.12.2025 06:28:00.000 UTC,20.7089,20.71,20.7089,20.7094,32.85
16.12.2025 06:29:00.000 UTC,20.7094,20.7103,20.7087,20.7096,51.9
16.12.2025 06:30:00.000 UTC,20.7096,20.7102,20.7095,20.7101,16.35
16.12.2025 06:31:00.000 UTC,20.7094,20.71,20.7089,20.7089,19.8
16.12.2025 06:32:00.000 UTC,20.7082,20.7097,20.7082,20.7091,38.1
16.12.2025 06:33:00.000 UTC,20.7091,20.7104,20.7088,20.7101,36.3
16.12.2025 06:34:00.000 UTC,20.7097,20.7098,20.7071,20.7077,38.1
16.12.2025 06:35:00.000 UTC,20.7077,20.7083,20.7062,20.7068,47.55
16.12.2025 06:36:00.000 UTC,20.7068,20.7079,20.7051,20.7069,50.85
16.12.2025 06:37:00.000 UTC,20.7069,20.707,20.7051,20.706,28.65
16.12.2025 06:38:00.000 UTC,20.7067,20.7067,20.7052,20.7057,16.95
16.12.2025 06:39:00.000 UTC,20.7057,20.707,20.7057,20.7067,12.6
16.12.2025 06:40:00.000 UTC,20.7067,20.7069,20.7061,20.7066,22.8
16.12.2025 06:41:00.000 UTC,20.7066,20.707,20.7059,20.706,28.95
16.12.2025 06:42:00.000 UTC,20.706,20.706,20.7039,20.7039,16.8
16.12.2025 06:43:00.000 UTC,20.7039,20.7046,20.7033,20.7046,14.4
16.12.2025 06:44:00.000 UTC,20.7047,20.7052,20.7038,20.7038,14.55
16.12.2025 06:45:00.000 UTC,20.7038,20.7055,20.7034,20.7051,61.35
16.12.2025 06:46:00.000 UTC,20.7051,20.7053,20.7031,20.7034,48
16.12.2025 06:47:00.000 UTC,20.7034,20.705,20.7034,20.7039,81.75
16.12.2025 06:48:00.000 UTC,20.7032,20.7036,20.7024,20.7024,16.35
16.12.2025 06:49:00.000 UTC,20.7029,20.7038,20.7029,20.7038,13.2
16.12.2025 06:50:00.000 UTC,20.7036,20.7042,20.7029,20.7037,53.25
16.12.2025 06:51:00.000 UTC,20.7037,20.7039,20.7021,20.7028,63.45
16.12.2025 06:52:00.000 UTC,20.7028,20.7034,20.7014,20.7022,78.15
16.12.2025 06:53:00.000 UTC,20.7028,20.7038,20.7021,20.7038,59.7
16.12.2025 06:54:00.000 UTC,20.7038,20.7038,20.7019,20.7038,42.6
16.12.2025 06:55:00.000 UTC,20.7038,20.7043,20.7028,20.7028,50.4
16.12.2025 06:56:00.000 UTC,20.7031,20.7037,20.7026,20.7035,26.4
16.12.2025 06:57:00.000 UTC,20.7034,20.7039,20.7026,20.7027,54
16.12.2025 06:58:00.000 UTC,20.703,20.7033,20.7003,20.7008,95.7
16.12.2025 06:59:00.000 UTC,20.7004,20.703,20.7004,20.7018,61.8
16.12.2025 07:00:00.000 UTC,20.7025,20.7025,20.6986,20.7013,127.65
16.12.2025 07:01:00.000 UTC,20.7008,20.7035,20.7004,20.7035,102
16.12.2025 07:02:00.000 UTC,20.7038,20.7113,20.7038,20.7081,105.45
16.12.2025 07:03:00.000 UTC,20.708,20.7105,20.706,20.7094,183
16.12.2025 07:04:00.000 UTC,20.7094,20.718,20.709,20.7156,323.55
16.12.2025 07:05:00.000 UTC,20.716,20.7257,20.716,20.7224,456.75
16.12.2025 07:06:00.000 UTC,20.7223,20.7228,20.721,20.7224,328.47
16.12.2025 07:07:00.000 UTC,20.7222,20.7263,20.7221,20.7258,315.12
16.12.2025 07:08:00.000 UTC,20.7261,20.7266,20.7237,20.7253,293.76
16.12.2025 07:09:00.000 UTC,20.725,20.7291,20.725,20.7289,232.5
16.12.2025 07:10:00.000 UTC,20.7289,20.7316,20.7289,20.7291,145.5
16.12.2025 07:11:00.000 UTC,20.7291,20.7301,20.7281,20.7282,182.55
16.12.2025 07:12:00.000 UTC,20.7282,20.7297,20.7271,20.7294,189.33
16.12.2025 07:13:00.000 UTC,20.7294,20.7306,20.7266,20.7281,163.62
16.12.2025 07:14:00.000 UTC,20.7283,20.7291,20.725,20.7265,144.18
16.12.2025 07:15:00.000 UTC,20.7261,20.7274,20.7261,20.7274,101.16
16.12.2025 07:16:00.000 UTC,20.7274,20.7277,20.7258,20.7268,133.08
16.12.2025 07:17:00.000 UTC,20.727,20.7282,20.727,20.7278,65.55
16.12.2025 07:18:00.000 UTC,20.7279,20.7279,20.727,20.727,48.75
16.12.2025 07:19:00.000 UTC,20.7266,20.7278,20.7252,20.7252,96.72
16.12.2025 07:20:00.000 UTC,20.7256,20.7256,20.7218,20.7219,99.87
16.12.2025 07:21:00.000 UTC,20.7223,20.7226,20.7221,20.7221,56.7
16.12.2025 07:22:00.000 UTC,20.7221,20.7223,20.7206,20.7221,100.74
16.12.2025 07:23:00.000 UTC,20.7223,20.7237,20.7217,20.7232,150.57
16.12.2025 07:24:00.000 UTC,20.7232,20.7239,20.7223,20.7223,121.05
16.12.2025 07:25:00.000 UTC,20.7223,20.724,20.7213,20.7222,151.83
16.12.2025 07:26:00.000 UTC,20.7218,20.7234,20.7184,20.7201,124.62
16.12.2025 07:27:00.000 UTC,20.7203,20.721,20.7191,20.7196,67.2
16.12.2025 07:28:00.000 UTC,20.7196,20.7235,20.7183,20.7208,133.8
16.12.2025 07:29:00.000 UTC,20.7208,20.7215,20.7175,20.7191,161.25
16.12.2025 07:30:00.000 UTC,20.7183,20.7191,20.7137,20.7172,430.2
16.12.2025 07:31:00.000 UTC,20.717,20.7193,20.7114,20.7122,312.39
16.12.2025 07:32:00.000 UTC,20.7126,20.7154,20.7126,20.7147,197.25
16.12.2025 07:33:00.000 UTC,20.7144,20.7164,20.7141,20.7151,138.9
16.12.2025 07:34:00.000 UTC,20.7144,20.7144,20.7112,20.7112,169.8
16.12.2025 07:35:00.000 UTC,20.7112,20.713,20.703,20.7072,610.14
16.12.2025 07:36:00.000 UTC,20.7082,20.7102,20.7026,20.7048,506.07
16.12.2025 07:37:00.000 UTC,20.704,20.7092,20.7004,20.7058,457.8
16.12.2025 07:38:00.000 UTC,20.7052,20.7052,20.6948,20.6962,415.56
16.12.2025 07:39:00.000 UTC,20.6962,20.7012,20.6923,20.7003,398.61
16.12.2025 07:40:00.000 UTC,20.7002,20.7012,20.6907,20.6962,476.25
16.12.2025 07:41:00.000 UTC,20.6952,20.6975,20.6893,20.6927,545.43
16.12.2025 07:42:00.000 UTC,20.693,20.6972,20.6904,20.6942,658.11
16.12.2025 07:43:00.000 UTC,20.6952,20.6992,20.6908,20.6954,566.64
16.12.2025 07:44:00.000 UTC,20.6952,20.6972,20.69,20.6945,546.21
16.12.2025 07:45:00.000 UTC,20.6946,20.7012,20.6908,20.6932,545.79
16.12.2025 07:46:00.000 UTC,20.693,20.6972,20.6905,20.6911,646.11
16.12.2025 07:47:00.000 UTC,20.6912,20.6962,20.6899,20.6935,587.46
16.12.2025 07:48:00.000 UTC,20.6935,20.6992,20.6916,20.6955,764.82
16.12.2025 07:49:00.000 UTC,20.6956,20.6992,20.6922,20.6959,617.61
16.12.2025 07:50:00.000 UTC,20.6958,20.6992,20.6902,20.6916,676.59
16.12.2025 07:51:00.000 UTC,20.6912,20.6973,20.6904,20.6963,538.26
16.12.2025 07:52:00.000 UTC,20.6962,20.6975,20.6906,20.6927,545.1
16.12.2025 07:53:00.000 UTC,20.6918,20.6982,20.69,20.6952,503.49
16.12.2025 07:54:00.000 UTC,20.694,20.6972,20.6906,20.6933,545.94
16.12.2025 07:55:00.000 UTC,20.6933,20.6992,20.6921,20.6966,260.7
16.12.2025 07:56:00.000 UTC,20.6966,20.7022,20.6962,20.6992,468.45
16.12.2025 07:57:00.000 UTC,20.6983,20.6992,20.6924,20.6989,552.51
16.12.2025 07:58:00.000 UTC,20.6994,20.7012,20.6981,20.7,307.77
16.12.2025 07:59:00.000 UTC,20.7,20.7012,20.6967,20.6969,376.11
16.12.2025 08:00:00.000 UTC,20.697,20.6988,20.6802,20.6819,465
16.12.2025 08:01:00.000 UTC,20.6819,20.6884,20.6817,20.6839,345.96
16.12.2025 08:02:00.000 UTC,20.6835,20.685,20.6803,20.6823,179.37
16.12.2025 08:03:00.000 UTC,20.6822,20.6824,20.6767,20.678,406.11
16.12.2025 08:04:00.000 UTC,20.6778,20.687,20.6769,20.6847,772.8
16.12.2025 08:05:00.000 UTC,20.6847,20.6862,20.6808,20.6862,558.24
16.12.2025 08:06:00.000 UTC,20.6858,20.6922,20.6844,20.6908,679.83
16.12.2025 08:07:00.000 UTC,20.6908,20.6953,20.69,20.6902,717.87
16.12.2025 08:08:00.000 UTC,20.6902,20.6912,20.6861,20.6892,574.83
16.12.2025 08:09:00.000 UTC,20.6892,20.6918,20.6838,20.6862,806.04
16.12.2025 08:10:00.000 UTC,20.6862,20.6892,20.6857,20.6873,698.85
16.12.2025 08:11:00.000 UTC,20.6872,20.6892,20.6832,20.6872,604.71
16.12.2025 08:12:00.000 UTC,20.6872,20.6882,20.6842,20.6842,93.69
16.12.2025 08:13:00.000 UTC,20.6832,20.6842,20.6832,20.6842,58.2
16.12.2025 08:14:00.000 UTC,20.6842,20.6852,20.6791,20.6791,189.09
16.12.2025 08:15:00.000 UTC,20.6791,20.6791,20.6718,20.6785,407.73
16.12.2025 08:16:00.000 UTC,20.6785,20.6841,20.6742,20.6758,515.76
16.12.2025 08:17:00.000 UTC,20.6767,20.6822,20.6751,20.6776,558.27
16.12.2025 08:18:00.000 UTC,20.6781,20.6832,20.678,20.6832,242.7
16.12.2025 08:19:00.000 UTC,20.6832,20.6842,20.678,20.6802,218.4
16.12.2025 08:20:00.000 UTC,20.6812,20.6842,20.6764,20.6812,331.98
16.12.2025 08:21:00.000 UTC,20.6786,20.6832,20.6765,20.6812,365.13
16.12.2025 08:22:00.000 UTC,20.6812,20.6822,20.67,20.6722,329.55
16.12.2025 08:23:00.000 UTC,20.6732,20.6802,20.6711,20.6792,306.6
16.12.2025 08:24:00.000 UTC,20.6792,20.6893,20.6772,20.6874,341.11
16.12.2025 08:25:00.000 UTC,20.688,20.6902,20.6852,20.6892,353.4
16.12.2025 08:26:00.000 UTC,20.6892,20.6932,20.6882,20.6912,148.8
16.12.2025 08:27:00.000 UTC,20.6922,20.6962,20.6922,20.6962,18
16.12.2025 08:28:00.000 UTC,20.6962,20.6992,20.6952,20.6962,225.6
16.12.2025 08:29:00.000 UTC,20.6962,20.7012,20.6858,20.6858,332.91
16.12.2025 08:30:00.000 UTC,20.6859,20.693,20.6836,20.6903,460.65
16.12.2025 08:31:00.000 UTC,20.6897,20.6992,20.6879,20.6991,262.92
16.12.2025 08:32:00.000 UTC,20.699,20.7018,20.6957,20.6998,450.72
16.12.2025 08:33:00.000 UTC,20.6998,20.7022,20.6986,20.7022,255.06
16.12.2025 08:34:00.000 UTC,20.7022,20.7042,20.7012,20.7042,219.78
16.12.2025 08:35:00.000 UTC,20.7042,20.7092,20.7042,20.7072,215.88
16.12.2025 08:36:00.000 UTC,20.7082,20.7142,20.7082,20.7142,170.4
16.12.2025 08:37:00.000 UTC,20.7142,20.7162,20.7115,20.7152,196.71
16.12.2025 08:38:00.000 UTC,20.7152,20.7192,20.7132,20.7133,278.25
16.12.2025 08:39:00.000 UTC,20.7132,20.7182,20.7132,20.7162,197.4
16.12.2025 08:40:00.000 UTC,20.7162,20.7172,20.7142,20.7172,272.16
16.12.2025 08:41:00.000 UTC,20.7172,20.7192,20.7143,20.7148,199.92
16.12.2025 08:42:00.000 UTC,20.7148,20.7192,20.7148,20.7182,94.95
16.12.2025 08:43:00.000 UTC,20.7182,20.7202,20.7162,20.7172,169.83
16.12.2025 08:44:00.000 UTC,20.7172,20.7192,20.7152,20.7152,183.03
16.12.2025 08:45:00.000 UTC,20.7152,20.7165,20.7065,20.7072,528.15
16.12.2025 08:46:00.000 UTC,20.7073,20.7082,20.7052,20.7054,518.82
16.12.2025 08:47:00.000 UTC,20.7055,20.7092,20.7055,20.7067,429.39
16.12.2025 08:48:00.000 UTC,20.7066,20.7067,20.7012,20.7019,316.5
16.12.2025 08:49:00.000 UTC,20.7018,20.7048,20.7006,20.7024,335.15
16.12.2025 08:50:00.000 UTC,20.7031,20.7033,20.7002,20.7018,305.79
16.12.2025 08:51:00.000 UTC,20.702,20.7036,20.7003,20.7008,229.03
16.12.2025 08:52:00.000 UTC,20.7013,20.7013,20.6951,20.6952,293.01
16.12.2025 08:53:00.000 UTC,20.6954,20.6971,20.6951,20.6957,152.43
16.12.2025 08:54:00.000 UTC,20.6961,20.6985,20.6951,20.6983,177.44
16.12.2025 08:55:00.000 UTC,20.6983,20.7019,20.6972,20.7007,288.5
16.12.2025 08:56:00.000 UTC,20.7011,20.7018,20.6924,20.6924,201.57
16.12.2025 08:57:00.000 UTC,20.6925,20.693,20.6905,20.6909,268.02
16.12.2025 08:58:00.000 UTC,20.6911,20.6929,20.6901,20.6906,129.03
16.12.2025 08:59:00.000 UTC,20.6902,20.6902,20.6829,20.6834,283.35
16.12.2025 09:00:00.000 UTC,20.6844,20.6915,20.6823,20.6893,387.69
16.12.2025 09:01:00.000 UTC,20.6892,20.6916,20.6845,20.6859,544.59
16.12.2025 09:02:00.000 UTC,20.6861,20.6877,20.6804,20.6876,580.02
16.12.2025 09:03:00.000 UTC,20.6876,20.6892,20.6826,20.6892,659.34
16.12.2025 09:04:00.000 UTC,20.6882,20.6925,20.682,20.6831,710.13
16.12.2025 09:05:00.000 UTC,20.6831,20.6892,20.6812,20.6856,334.5
16.12.2025 09:06:00.000 UTC,20.6856,20.6892,20.683,20.6842,557.13
16.12.2025 09:07:00.000 UTC,20.6841,20.6892,20.6821,20.6878,670.17
16.12.2025 09:08:00.000 UTC,20.6877,20.6932,20.6848,20.6885,640.8
16.12.2025 09:09:00.000 UTC,20.6885,20.6902,20.6829,20.6845,377.52
16.12.2025 09:10:00.000 UTC,20.6845,20.6922,20.6843,20.6882,594.81
16.12.2025 09:11:00.000 UTC,20.6882,20.6902,20.6835,20.6842,497.94
16.12.2025 09:12:00.000 UTC,20.6838,20.6902,20.6836,20.6896,357.72
16.12.2025 09:13:00.000 UTC,20.6896,20.6932,20.6864,20.6922,455.19
16.12.2025 09:14:00.000 UTC,20.6912,20.6972,20.6902,20.6952,181.8
16.12.2025 09:15:00.000 UTC,20.6962,20.7032,20.6952,20.7022,160.8
16.12.2025 09:16:00.000 UTC,20.7022,20.7152,20.7022,20.7142,257.85
16.12.2025 09:17:00.000 UTC,20.7142,20.7172,20.7109,20.7142,212.55
16.12.2025 09:18:00.000 UTC,20.7152,20.7162,20.7118,20.7162,147
16.12.2025 09:19:00.000 UTC,20.7162,20.7162,20.7092,20.7112,184.8
16.12.2025 09:20:00.000 UTC,20.7112,20.7112,20.7032,20.7062,158.4
16.12.2025 09:21:00.000 UTC,20.7062,20.7062,20.7012,20.7012,192.36
16.12.2025 09:22:00.000 UTC,20.7022,20.7121,20.7012,20.7085,151.35
16.12.2025 09:23:00.000 UTC,20.7085,20.7132,20.7082,20.7102,130.8
16.12.2025 09:24:00.000 UTC,20.7112,20.7112,20.7071,20.7102,87.6
16.12.2025 09:25:00.000 UTC,20.7092,20.7102,20.7062,20.7072,99.72
16.12.2025 09:26:00.000 UTC,20.7072,20.7092,20.7042,20.7082,154.89
16.12.2025 09:27:00.000 UTC,20.7072,20.7112,20.7072,20.7082,136.38
16.12.2025 09:28:00.000 UTC,20.7081,20.7102,20.708,20.709,140.25
16.12.2025 09:29:00.000 UTC,20.7085,20.7122,20.7081,20.7102,136.01
16.12.2025 09:30:00.000 UTC,20.7092,20.7122,20.7021,20.7052,250.67
16.12.2025 09:31:00.000 UTC,20.7042,20.7052,20.7018,20.7042,162.75
16.12.2025 09:32:00.000 UTC,20.7042,20.7058,20.7012,20.7012,51.09
16.12.2025 09:33:00.000 UTC,20.7009,20.7032,20.7008,20.7032,105.75
16.12.2025 09:34:00.000 UTC,20.7032,20.7122,20.7022,20.7121,268.1
16.12.2025 09:35:00.000 UTC,20.7123,20.7162,20.7122,20.7155,274
16.12.2025 09:36:00.000 UTC,20.7152,20.7152,20.7071,20.7082,185.21
16.12.2025 09:37:00.000 UTC,20.7081,20.7114,20.7081,20.7112,196.82
16.12.2025 09:38:00.000 UTC,20.7109,20.7114,20.7015,20.7015,138.9
16.12.2025 09:39:00.000 UTC,20.7015,20.7021,20.6976,20.6976,172.71
16.12.2025 09:40:00.000 UTC,20.6973,20.7004,20.6935,20.6963,217.77
16.12.2025 09:41:00.000 UTC,20.6962,20.6976,20.6944,20.6951,187.98
16.12.2025 09:42:00.000 UTC,20.695,20.6969,20.6928,20.6928,281.07
16.12.2025 09:43:00.000 UTC,20.6923,20.6944,20.6895,20.6907,251.85
16.12.2025 09:44:00.000 UTC,20.6908,20.6925,20.6891,20.6925,269.1
16.12.2025 09:45:00.000 UTC,20.6925,20.6963,20.6916,20.6931,335.19
16.12.2025 09:46:00.000 UTC,20.6931,20.694,20.6895,20.6917,282.09
16.12.2025 09:47:00.000 UTC,20.6915,20.6934,20.6875,20.688,266.04
16.12.2025 09:48:00.000 UTC,20.6881,20.6907,20.6881,20.6883,162.84
16.12.2025 09:49:00.000 UTC,20.6885,20.6909,20.6843,20.6852,213.72
16.12.2025 09:50:00.000 UTC,20.6855,20.6858,20.6819,20.6843,336.39
16.12.2025 09:51:00.000 UTC,20.6841,20.6846,20.6812,20.6819,201.54
16.12.2025 09:52:00.000 UTC,20.6819,20.6874,20.6811,20.6873,251.52
16.12.2025 09:53:00.000 UTC,20.6873,20.6899,20.6871,20.6883,268.17
16.12.2025 09:54:00.000 UTC,20.6881,20.6899,20.6881,20.6896,183.15
16.12.2025 09:55:00.000 UTC,20.6896,20.6943,20.6889,20.6908,214.89
16.12.2025 09:56:00.000 UTC,20.6904,20.6921,20.6891,20.6908,202.83
16.12.2025 09:57:00.000 UTC,20.6903,20.6908,20.6883,20.6897,161.4
16.12.2025 09:58:00.000 UTC,20.6893,20.6912,20.6888,20.6905,167.13
16.12.2025 09:59:00.000 UTC,20.6905,20.6936,20.6896,20.6917,217.05
16.12.2025 10:00:00.000 UTC,20.6922,20.6928,20.6834,20.6857,221.49
16.12.2025 10:01:00.000 UTC,20.6853,20.6882,20.6804,20.6882,439.35
16.12.2025 10:02:00.000 UTC,20.6872,20.6892,20.6835,20.6842,175.2
16.12.2025 10:03:00.000 UTC,20.6842,20.6872,20.6822,20.6852,310.11
16.12.2025 10:04:00.000 UTC,20.6847,20.6893,20.6843,20.6862,282.9
16.12.2025 10:05:00.000 UTC,20.6862,20.6887,20.6828,20.6832,325.62
16.12.2025 10:06:00.000 UTC,20.6828,20.6847,20.68,20.6843,274.62
16.12.2025 10:07:00.000 UTC,20.6843,20.6863,20.6828,20.6853,188.1
16.12.2025 10:08:00.000 UTC,20.6851,20.6901,20.6851,20.6878,224.58
16.12.2025 10:09:00.000 UTC,20.6874,20.6902,20.6867,20.6881,187.17
16.12.2025 10:10:00.000 UTC,20.6881,20.69,20.6878,20.6897,257.28
16.12.2025 10:11:00.000 UTC,20.6897,20.6928,20.689,20.6904,194.13
16.12.2025 10:12:00.000 UTC,20.6904,20.692,20.6872,20.6893,283.65
16.12.2025 10:13:00.000 UTC,20.6893,20.6941,20.6891,20.6923,224.78
16.12.2025 10:14:00.000 UTC,20.6923,20.6937,20.6895,20.6901,235.47
16.12.2025 10:15:00.000 UTC,20.6901,20.693,20.6901,20.6926,190.68
16.12.2025 10:16:00.000 UTC,20.6925,20.6989,20.6914,20.6965,243.81
16.12.2025 10:17:00.000 UTC,20.6962,20.6963,20.6944,20.6945,183.6
16.12.2025 10:18:00.000 UTC,20.6945,20.6959,20.6925,20.6929,185.82
16.12.2025 10:19:00.000 UTC,20.6932,20.6951,20.6914,20.6951,183
16.12.2025 10:20:00.000 UTC,20.6951,20.6982,20.6937,20.6982,169.74
16.12.2025 10:21:00.000 UTC,20.6982,20.6992,20.6952,20.6982,185.19
16.12.2025 10:22:00.000 UTC,20.6982,20.7002,20.6972,20.6992,144
16.12.2025 10:23:00.000 UTC,20.7002,20.7002,20.6972,20.6972,142.32
16.12.2025 10:24:00.000 UTC,20.6972,20.6982,20.6952,20.6962,144.75
16.12.2025 10:25:00.000 UTC,20.6972,20.6992,20.6962,20.6972,183
16.12.2025 10:26:00.000 UTC,20.6972,20.6992,20.6936,20.6936,154.86
16.12.2025 10:27:00.000 UTC,20.6938,20.6939,20.6852,20.6862,162.12
16.12.2025 10:28:00.000 UTC,20.6863,20.6894,20.6861,20.6881,136.53
16.12.2025 10:29:00.000 UTC,20.6881,20.6885,20.6862,20.6872,124.29
16.12.2025 10:30:00.000 UTC,20.6867,20.6882,20.6852,20.6852,66.81
16.12.2025 10:31:00.000 UTC,20.6852,20.6862,20.6842,20.6852,67.62
16.12.2025 10:32:00.000 UTC,20.6862,20.6934,20.6852,20.6934,124.53
16.12.2025 10:33:00.000 UTC,20.6932,20.6936,20.6921,20.6922,105.75
16.12.2025 10:34:00.000 UTC,20.6922,20.6966,20.6911,20.6956,176.4
16.12.2025 10:35:00.000 UTC,20.6962,20.6962,20.6932,20.6932,121.29
16.12.2025 10:36:00.000 UTC,20.6942,20.6942,20.6912,20.6924,109.23
16.12.2025 10:37:00.000 UTC,20.6927,20.6966,20.6918,20.6928,187.23
16.12.2025 10:38:00.000 UTC,20.6928,20.6964,20.6928,20.696,99.45
16.12.2025 10:39:00.000 UTC,20.6958,20.6958,20.6917,20.6925,180.66
16.12.2025 10:40:00.000 UTC,20.6927,20.6927,20.6828,20.6838,293.85
16.12.2025 10:41:00.000 UTC,20.6838,20.6877,20.6838,20.6864,289.5
16.12.2025 10:42:00.000 UTC,20.6866,20.6889,20.6849,20.6883,137.1
16.12.2025 10:43:00.000 UTC,20.6883,20.6886,20.6862,20.6868,158.91
16.12.2025 10:44:00.000 UTC,20.6867,20.6887,20.686,20.686,87.46
16.12.2025 10:45:00.000 UTC,20.6856,20.6856,20.6844,20.6846,50.31
16.12.2025 10:46:00.000 UTC,20.6851,20.6851,20.68,20.6801,134.82
16.12.2025 10:47:00.000 UTC,20.6801,20.6827,20.6781,20.6813,144.54
16.12.2025 10:48:00.000 UTC,20.6815,20.6846,20.6807,20.6836,139.08
16.12.2025 10:49:00.000 UTC,20.6839,20.6852,20.6821,20.6847,91.29
16.12.2025 10:50:00.000 UTC,20.6852,20.6886,20.6852,20.6882,81.72
16.12.2025 10:51:00.000 UTC,20.6877,20.6902,20.6874,20.6898,101.97
16.12.2025 10:52:00.000 UTC,20.6898,20.6898,20.6869,20.6885,117.75
16.12.2025 10:53:00.000 UTC,20.6885,20.6932,20.6885,20.6932,115.8
16.12.2025 10:54:00.000 UTC,20.6932,20.6942,20.6922,20.6922,53.55
16.12.2025 10:55:00.000 UTC,20.6922,20.6932,20.6902,20.6902,100.47
16.12.2025 10:56:00.000 UTC,20.6902,20.6932,20.6882,20.6922,107.91
16.12.2025 10:57:00.000 UTC,20.6916,20.6924,20.6901,20.6924,194.25
16.12.2025 10:58:00.000 UTC,20.6922,20.6928,20.6905,20.6907,154.2
16.12.2025 10:59:00.000 UTC,20.6906,20.6926,20.6897,20.6921,195.39
16.12.2025 11:00:00.000 UTC,20.6922,20.6961,20.6922,20.6949,137.7
16.12.2025 11:01:00.000 UTC,20.6952,20.6962,20.6942,20.6962,157.29
16.12.2025 11:02:00.000 UTC,20.6961,20.6972,20.6907,20.6918,159.45
16.12.2025 11:03:00.000 UTC,20.6918,20.6934,20.6911,20.693,113.85
16.12.2025 11:04:00.000 UTC,20.6928,20.6942,20.6915,20.6915,81.18
16.12.2025 11:05:00.000 UTC,20.6922,20.6996,20.6921,20.6975,133.35
16.12.2025 11:06:00.000 UTC,20.6975,20.6997,20.6975,20.6981,146.7
16.12.2025 11:07:00.000 UTC,20.6982,20.6982,20.6954,20.6962,112.77
16.12.2025 11:08:00.000 UTC,20.6962,20.6973,20.6936,20.6936,166.56
16.12.2025 11:09:00.000 UTC,20.6936,20.6972,20.6932,20.6972,86.1
16.12.2025 11:10:00.000 UTC,20.6971,20.6982,20.6966,20.6969,92.37
16.12.2025 11:11:00.000 UTC,20.6972,20.6999,20.6965,20.6993,51.6
16.12.2025 11:12:00.000 UTC,20.6993,20.7008,20.6993,20.7008,57.3
16.12.2025 11:13:00.000 UTC,20.7011,20.7016,20.6952,20.6952,112.65
16.12.2025 11:14:00.000 UTC,20.6952,20.6953,20.6914,20.6922,110.4
16.12.2025 11:15:00.000 UTC,20.6922,20.6938,20.692,20.6931,85.35
16.12.2025 11:16:00.000 UTC,20.6933,20.6933,20.6903,20.6906,127.02
16.12.2025 11:17:00.000 UTC,20.6906,20.6935,20.6898,20.6927,104.85
16.12.2025 11:18:00.000 UTC,20.6927,20.695,20.6925,20.6946,106.44
16.12.2025 11:19:00.000 UTC,20.6952,20.6971,20.6949,20.6962,87.15
16.12.2025 11:20:00.000 UTC,20.6962,20.701,20.6962,20.6999,128.7
16.12.2025 11:21:00.000 UTC,20.6999,20.7006,20.6943,20.6952,151.77
16.12.2025 11:22:00.000 UTC,20.6951,20.6984,20.6944,20.6981,90.55
16.12.2025 11:23:00.000 UTC,20.6978,20.6984,20.6969,20.6969,142.99
16.12.2025 11:24:00.000 UTC,20.6966,20.6983,20.6961,20.6967,161.49
16.12.2025 11:25:00.000 UTC,20.6964,20.6993,20.6951,20.6969,135.33
16.12.2025 11:26:00.000 UTC,20.6969,20.6986,20.6961,20.6963,152.67
16.12.2025 11:27:00.000 UTC,20.6965,20.6986,20.696,20.6961,85.5
16.12.2025 11:28:00.000 UTC,20.6961,20.6964,20.6911,20.6916,172.65
16.12.2025 11:29:00.000 UTC,20.6918,20.6923,20.6911,20.6915,88.23
16.12.2025 11:30:00.000 UTC,20.6919,20.6926,20.6897,20.6898,64.95
16.12.2025 11:31:00.000 UTC,20.6901,20.6908,20.6865,20.6867,125.4
16.12.2025 11:32:00.000 UTC,20.687,20.6872,20.6851,20.6868,124.45
16.12.2025 11:33:00.000 UTC,20.6864,20.6873,20.685,20.6853,73.3
16.12.2025 11:34:00.000 UTC,20.6854,20.688,20.6839,20.6863,133.89
16.12.2025 11:35:00.000 UTC,20.6871,20.6871,20.6843,20.6843,161.53
16.12.2025 11:36:00.000 UTC,20.6842,20.6846,20.6821,20.6821,83.55
16.12.2025 11:37:00.000 UTC,20.682,20.6824,20.681,20.681,82.14
16.12.2025 11:38:00.000 UTC,20.6811,20.6824,20.68,20.6802,114.3
16.12.2025 11:39:00.000 UTC,20.6802,20.6809,20.6789,20.6805,112.95
16.12.2025 11:40:00.000 UTC,20.6805,20.681,20.675,20.6752,231.72
16.12.2025 11:41:00.000 UTC,20.675,20.6763,20.6739,20.6762,95.25
16.12.2025 11:42:00.000 UTC,20.6762,20.682,20.6762,20.6791,116.1
16.12.2025 11:43:00.000 UTC,20.6791,20.6832,20.6791,20.6825,109.47
16.12.2025 11:44:00.000 UTC,20.6826,20.6832,20.6812,20.6813,117.3
16.12.2025 11:45:00.000 UTC,20.6812,20.6814,20.6792,20.6808,160.41
16.12.2025 11:46:00.000 UTC,20.6811,20.6841,20.681,20.684,91.95
16.12.2025 11:47:00.000 UTC,20.6841,20.6841,20.6794,20.6818,144.3
16.12.2025 11:48:00.000 UTC,20.6818,20.6828,20.6798,20.6818,93.6
16.12.2025 11:49:00.000 UTC,20.6821,20.6838,20.6802,20.6838,74.7
16.12.2025 11:50:00.000 UTC,20.6834,20.6858,20.6834,20.6852,67.56
16.12.2025 11:51:00.000 UTC,20.6848,20.6852,20.6828,20.6838,33.15
16.12.2025 11:52:00.000 UTC,20.6832,20.6832,20.6808,20.6808,45.6
16.12.2025 11:53:00.000 UTC,20.6801,20.6801,20.6778,20.6788,84.72
16.12.2025 11:54:00.000 UTC,20.6788,20.6818,20.6778,20.6818,84
16.12.2025 11:55:00.000 UTC,20.6808,20.6812,20.6788,20.6792,35.7
16.12.2025 11:56:00.000 UTC,20.6788,20.6832,20.6786,20.6818,58.8
16.12.2025 11:57:00.000 UTC,20.6832,20.6832,20.6807,20.6818,85.8
16.12.2025 11:58:00.000 UTC,20.6822,20.6868,20.6808,20.681,175.95
16.12.2025 11:59:00.000 UTC,20.6809,20.6817,20.6794,20.68,148.38
16.12.2025 12:00:00.000 UTC,20.6799,20.6822,20.6791,20.6817,188.7
16.12.2025 12:01:00.000 UTC,20.6816,20.6842,20.6816,20.6821,161.07
16.12.2025 12:02:00.000 UTC,20.6825,20.6862,20.6825,20.6843,204.36
16.12.2025 12:03:00.000 UTC,20.6844,20.6879,20.6843,20.6875,164.79
16.12.2025 12:04:00.000 UTC,20.6877,20.6884,20.6867,20.687,130.32
16.12.2025 12:05:00.000 UTC,20.6873,20.6873,20.6849,20.685,58.2
16.12.2025 12:06:00.000 UTC,20.6849,20.6892,20.6849,20.6874,110.82
16.12.2025 12:07:00.000 UTC,20.6874,20.6892,20.6861,20.6882,114.75
16.12.2025 12:08:00.000 UTC,20.6874,20.6874,20.6818,20.6831,136.74
16.12.2025 12:09:00.000 UTC,20.6832,20.6862,20.6831,20.6848,157.32
16.12.2025 12:10:00.000 UTC,20.6849,20.6862,20.6823,20.6828,171.85
16.12.2025 12:11:00.000 UTC,20.683,20.6902,20.6819,20.6849,200.72
16.12.2025 12:12:00.000 UTC,20.6847,20.6861,20.6831,20.6831,130.56
16.12.2025 12:13:00.000 UTC,20.6831,20.6844,20.6821,20.6821,118.99
16.12.2025 12:14:00.000 UTC,20.6821,20.6838,20.6814,20.6836,144.6
16.12.2025 12:15:00.000 UTC,20.6837,20.6838,20.6778,20.678,181.8
16.12.2025 12:16:00.000 UTC,20.6781,20.679,20.6756,20.6778,188.19
16.12.2025 12:17:00.000 UTC,20.6779,20.6788,20.6756,20.676,150.75
16.12.2025 12:18:00.000 UTC,20.6759,20.6787,20.6757,20.6785,105.48
16.12.2025 12:19:00.000 UTC,20.6787,20.6791,20.6781,20.6781,138.48
16.12.2025 12:20:00.000 UTC,20.6782,20.6789,20.6751,20.6752,102.09
16.12.2025 12:21:00.000 UTC,20.6752,20.6771,20.6752,20.6761,73.2
16.12.2025 12:22:00.000 UTC,20.6758,20.6758,20.6726,20.673,97.5
16.12.2025 12:23:00.000 UTC,20.6729,20.6733,20.6708,20.6721,135.3
16.12.2025 12:24:00.000 UTC,20.6727,20.6727,20.6696,20.6697,132.75
16.12.2025 12:25:00.000 UTC,20.6702,20.6703,20.6681,20.6694,105
16.12.2025 12:26:00.000 UTC,20.6695,20.6707,20.6674,20.6689,138.75
16.12.2025 12:27:00.000 UTC,20.6688,20.6725,20.6688,20.6721,130.97
16.12.2025 12:28:00.000 UTC,20.672,20.6732,20.6711,20.6719,122.94
16.12.2025 12:29:00.000 UTC,20.6722,20.6726,20.6708,20.6708,149.07
16.12.2025 12:30:00.000 UTC,20.6708,20.6721,20.6689,20.6721,178.32
16.12.2025 12:31:00.000 UTC,20.6721,20.6731,20.6698,20.6731,195.45
16.12.2025 12:32:00.000 UTC,20.6731,20.6756,20.672,20.6753,113.91
16.12.2025 12:33:00.000 UTC,20.6756,20.676,20.6742,20.6746,157.5
16.12.2025 12:34:00.000 UTC,20.6745,20.6754,20.6723,20.6726,102.33
16.12.2025 12:35:00.000 UTC,20.6726,20.675,20.6708,20.6739,137.25
16.12.2025 12:36:00.000 UTC,20.6741,20.6744,20.6672,20.6672,129.39
16.12.2025 12:37:00.000 UTC,20.6671,20.6696,20.6666,20.6693,158.49
16.12.2025 12:38:00.000 UTC,20.6693,20.671,20.6678,20.6685,142.05
16.12.2025 12:39:00.000 UTC,20.6689,20.6699,20.6686,20.6691,173.16
16.12.2025 12:40:00.000 UTC,20.6688,20.6691,20.6672,20.6672,108.9
16.12.2025 12:41:00.000 UTC,20.6672,20.6673,20.6645,20.6645,98.1
16.12.2025 12:42:00.000 UTC,20.6645,20.6652,20.6623,20.6632,130.68
16.12.2025 12:43:00.000 UTC,20.6631,20.6662,20.6631,20.6652,115.2
16.12.2025 12:44:00.000 UTC,20.6652,20.6652,20.6632,20.6647,88.8
16.12.2025 12:45:00.000 UTC,20.665,20.6662,20.6639,20.6662,122.64
16.12.2025 12:46:00.000 UTC,20.6656,20.6656,20.6639,20.6652,87.6
16.12.2025 12:47:00.000 UTC,20.6652,20.6668,20.6648,20.6668,147.72
16.12.2025 12:48:00.000 UTC,20.6672,20.6672,20.6646,20.6651,167.55
16.12.2025 12:49:00.000 UTC,20.6652,20.6662,20.6648,20.6657,84.3
16.12.2025 12:50:00.000 UTC,20.6655,20.6655,20.663,20.6642,116.85
16.12.2025 12:51:00.000 UTC,20.6641,20.6652,20.6633,20.6646,90.45
16.12.2025 12:52:00.000 UTC,20.6644,20.6652,20.6632,20.6642,63.06
16.12.2025 12:53:00.000 UTC,20.6642,20.6642,20.6632,20.6632,27.6
16.12.2025 12:54:00.000 UTC,20.6642,20.6642,20.66,20.6612,97.05
16.12.2025 12:55:00.000 UTC,20.6612,20.6622,20.6572,20.6593,204.54
16.12.2025 12:56:00.000 UTC,20.6601,20.6602,20.655,20.655,211.95
16.12.2025 12:57:00.000 UTC,20.655,20.655,20.6516,20.6525,232.65
16.12.2025 12:58:00.000 UTC,20.6532,20.6532,20.6481,20.6483,265.05
16.12.2025 12:59:00.000 UTC,20.6483,20.6492,20.6452,20.6472,218.31
16.12.2025 13:00:00.000 UTC,20.6462,20.6502,20.6452,20.6482,300.99
16.12.2025 13:01:00.000 UTC,20.6481,20.6502,20.6476,20.6492,308.97
16.12.2025 13:02:00.000 UTC,20.6487,20.6525,20.6487,20.6512,199.26
16.12.2025 13:03:00.000 UTC,20.6503,20.6504,20.6461,20.6471,243.24
16.12.2025 13:04:00.000 UTC,20.6474,20.6481,20.6433,20.6471,326.58
16.12.2025 13:05:00.000 UTC,20.6474,20.6476,20.6444,20.6472,264.09
16.12.2025 13:06:00.000 UTC,20.6473,20.6488,20.647,20.6483,179.55
16.12.2025 13:07:00.000 UTC,20.6481,20.6512,20.6481,20.6511,182.85
16.12.2025 13:08:00.000 UTC,20.6512,20.6513,20.6475,20.6483,183.75
16.12.2025 13:09:00.000 UTC,20.6482,20.6486,20.6452,20.6458,211.32
16.12.2025 13:10:00.000 UTC,20.6459,20.6484,20.6448,20.6481,138.3
16.12.2025 13:11:00.000 UTC,20.6482,20.6538,20.6478,20.6502,150.3
16.12.2025 13:12:00.000 UTC,20.6499,20.6512,20.6492,20.6512,147.6
16.12.2025 13:13:00.000 UTC,20.6502,20.6502,20.6471,20.6492,190.95
16.12.2025 13:14:00.000 UTC,20.6492,20.6492,20.6462,20.6472,136.2
16.12.2025 13:15:00.000 UTC,20.6472,20.6503,20.6462,20.6502,188.13
16.12.2025 13:16:00.000 UTC,20.6502,20.6522,20.6421,20.643,193.95
16.12.2025 13:17:00.000 UTC,20.6431,20.6538,20.6431,20.6538,319.05
16.12.2025 13:18:00.000 UTC,20.6538,20.6558,20.6528,20.6558,215.79
16.12.2025 13:19:00.000 UTC,20.6552,20.6578,20.6508,20.6538,258
16.12.2025 13:20:00.000 UTC,20.6538,20.6538,20.6472,20.6517,236.82
16.12.2025 13:21:00.000 UTC,20.6529,20.6548,20.6501,20.6528,257.1
16.12.2025 13:22:00.000 UTC,20.6528,20.6548,20.6518,20.6538,156
16.12.2025 13:23:00.000 UTC,20.6533,20.6548,20.6498,20.6508,254.07
16.12.2025 13:24:00.000 UTC,20.6508,20.6508,20.6471,20.6474,146.82
16.12.2025 13:25:00.000 UTC,20.6471,20.6556,20.6468,20.6548,230.43
16.12.2025 13:26:00.000 UTC,20.6548,20.656,20.6533,20.6551,114.15
16.12.2025 13:27:00.000 UTC,20.6558,20.6608,20.6558,20.6573,229.92
16.12.2025 13:28:00.000 UTC,20.6573,20.6573,20.6529,20.6558,184.35
16.12.2025 13:29:00.000 UTC,20.6561,20.6566,20.6374,20.6463,139.62
16.12.2025 13:30:00.000 UTC,20.6458,20.6521,20.6,20.6148,846.15
16.12.2025 13:31:00.000 UTC,20.6152,20.6223,20.6065,20.6194,1115.43
16.12.2025 13:32:00.000 UTC,20.6205,20.6208,20.6054,20.6137,914.28
16.12.2025 13:33:00.000 UTC,20.6125,20.6205,20.6111,20.617,910.14
16.12.2025 13:34:00.000 UTC,20.6169,20.638,20.6156,20.6365,974.25
16.12.2025 13:35:00.000 UTC,20.6365,20.647,20.6365,20.6405,857.28
16.12.2025 13:36:00.000 UTC,20.6407,20.6435,20.629,20.6332,787.98
16.12.2025 13:37:00.000 UTC,20.6332,20.6372,20.6292,20.6349,788.46
16.12.2025 13:38:00.000 UTC,20.6362,20.6502,20.634,20.6501,797.01
16.12.2025 13:39:00.000 UTC,20.6498,20.6504,20.6411,20.6465,617.31
16.12.2025 13:40:00.000 UTC,20.6465,20.6521,20.6409,20.6438,859.44
16.12.2025 13:41:00.000 UTC,20.6432,20.6512,20.641,20.6511,890.94
16.12.2025 13:42:00.000 UTC,20.6511,20.6524,20.6442,20.6477,739.53
16.12.2025 13:43:00.000 UTC,20.6468,20.662,20.6468,20.661,706.77
16.12.2025 13:44:00.000 UTC,20.6613,20.6722,20.661,20.6682,884.94
16.12.2025 13:45:00.000 UTC,20.6672,20.6687,20.6552,20.6652,533.4
16.12.2025 13:46:00.000 UTC,20.6642,20.6682,20.6612,20.6682,536.85
16.12.2025 13:47:00.000 UTC,20.6672,20.6732,20.6652,20.6712,590.79
16.12.2025 13:48:00.000 UTC,20.6712,20.6782,20.6702,20.6766,600.69
16.12.2025 13:49:00.000 UTC,20.6769,20.6789,20.6663,20.6679,666.84
16.12.2025 13:50:00.000 UTC,20.6679,20.6679,20.664,20.6671,434.01
16.12.2025 13:51:00.000 UTC,20.6671,20.6726,20.6643,20.6673,579.45
16.12.2025 13:52:00.000 UTC,20.6671,20.6695,20.6601,20.6603,632.58
16.12.2025 13:53:00.000 UTC,20.6603,20.6672,20.6571,20.6597,625.35
16.12.2025 13:54:00.000 UTC,20.6597,20.6635,20.6569,20.6629,564.39
16.12.2025 13:55:00.000 UTC,20.6624,20.6624,20.6548,20.6548,561.21
16.12.2025 13:56:00.000 UTC,20.6552,20.6562,20.6512,20.6516,474.3
16.12.2025 13:57:00.000 UTC,20.6516,20.6558,20.6492,20.6519,352.56
16.12.2025 13:58:00.000 UTC,20.651,20.6514,20.6443,20.6461,276.21
16.12.2025 13:59:00.000 UTC,20.646,20.6463,20.6423,20.6437,464.07
16.12.2025 14:00:00.000 UTC,20.6435,20.6456,20.6417,20.6417,488.19
16.12.2025 14:01:00.000 UTC,20.6421,20.648,20.6402,20.6462,580.2
16.12.2025 14:02:00.000 UTC,20.6462,20.6522,20.6453,20.6488,382.14
16.12.2025 14:03:00.000 UTC,20.6483,20.6572,20.6482,20.6561,588.36
16.12.2025 14:04:00.000 UTC,20.6562,20.6642,20.6561,20.6616,660.96
16.12.2025 14:05:00.000 UTC,20.6611,20.6617,20.6538,20.6542,528.14
16.12.2025 14:06:00.000 UTC,20.6539,20.6633,20.6539,20.6622,334.32
16.12.2025 14:07:00.000 UTC,20.6621,20.6646,20.6568,20.6581,571.35
16.12.2025 14:08:00.000 UTC,20.6581,20.6642,20.6579,20.6619,576.54
16.12.2025 14:09:00.000 UTC,20.6615,20.6622,20.6551,20.6561,603.57
16.12.2025 14:10:00.000 UTC,20.6565,20.6607,20.6532,20.6596,459.24
16.12.2025 14:11:00.000 UTC,20.6593,20.6605,20.6556,20.6561,418.44
16.12.2025 14:12:00.000 UTC,20.6561,20.6588,20.6552,20.6581,378.09
16.12.2025 14:13:00.000 UTC,20.6581,20.6592,20.6555,20.6569,447.23
16.12.2025 14:14:00.000 UTC,20.6562,20.6601,20.6555,20.6601,328.14
16.12.2025 14:15:00.000 UTC,20.6602,20.6661,20.66,20.6618,365.18
16.12.2025 14:16:00.000 UTC,20.662,20.6627,20.6588,20.6594,291.03
16.12.2025 14:17:00.000 UTC,20.6593,20.6611,20.6574,20.6609,450.24
16.12.2025 14:18:00.000 UTC,20.6601,20.6655,20.6601,20.6639,323.94
16.12.2025 14:19:00.000 UTC,20.6639,20.6678,20.6619,20.6619,436.5
16.12.2025 14:20:00.000 UTC,20.662,20.6645,20.6548,20.656,439.49
16.12.2025 14:21:00.000 UTC,20.6562,20.6577,20.6521,20.6544,324.21
16.12.2025 14:22:00.000 UTC,20.6547,20.6561,20.6515,20.653,372.5
16.12.2025 14:23:00.000 UTC,20.653,20.6554,20.6506,20.651,285.8
16.12.2025 14:24:00.000 UTC,20.651,20.6527,20.6494,20.6508,348.92
16.12.2025 14:25:00.000 UTC,20.6502,20.6502,20.6465,20.6474,357.18
16.12.2025 14:26:00.000 UTC,20.6473,20.65,20.6421,20.6421,301.07
16.12.2025 14:27:00.000 UTC,20.6423,20.6461,20.6394,20.6455,351.05
16.12.2025 14:28:00.000 UTC,20.6455,20.6464,20.6422,20.6429,307.47
16.12.2025 14:29:00.000 UTC,20.6428,20.6428,20.6393,20.6399,336.14
16.12.2025 14:30:00.000 UTC,20.6397,20.6401,20.6351,20.6351,398.65
16.12.2025 14:31:00.000 UTC,20.6358,20.6386,20.6346,20.6367,337.8
16.12.2025 14:32:00.000 UTC,20.6367,20.6377,20.6306,20.6306,365.52
16.12.2025 14:33:00.000 UTC,20.6311,20.6342,20.6281,20.6311,363.99
16.12.2025 14:34:00.000 UTC,20.6314,20.6348,20.6313,20.6344,291.87
16.12.2025 14:35:00.000 UTC,20.6344,20.6396,20.6331,20.6388,411.05
16.12.2025 14:36:00.000 UTC,20.6387,20.643,20.6387,20.6391,362.57
16.12.2025 14:37:00.000 UTC,20.6391,20.6391,20.6321,20.6321,197.64
16.12.2025 14:38:00.000 UTC,20.6322,20.6366,20.6304,20.635,241.74
16.12.2025 14:39:00.000 UTC,20.6346,20.6356,20.6311,20.6318,175.35
16.12.2025 14:40:00.000 UTC,20.6311,20.6355,20.6306,20.635,224.93
16.12.2025 14:41:00.000 UTC,20.6351,20.6389,20.635,20.6365,234.06
16.12.2025 14:42:00.000 UTC,20.6366,20.6379,20.6335,20.6341,139.65
16.12.2025 14:43:00.000 UTC,20.6346,20.635,20.6312,20.6323,188.91
16.12.2025 14:44:00.000 UTC,20.6331,20.6337,20.6277,20.6277,288.99
16.12.2025 14:45:00.000 UTC,20.6277,20.6277,20.6058,20.6171,907.19
16.12.2025 14:46:00.000 UTC,20.618,20.6263,20.6176,20.6263,310.74
16.12.2025 14:47:00.000 UTC,20.6269,20.6272,20.618,20.6182,612.15
16.12.2025 14:48:00.000 UTC,20.6174,20.6197,20.6148,20.618,597.42
16.12.2025 14:49:00.000 UTC,20.6182,20.6231,20.6147,20.6149,437.85
16.12.2025 14:50:00.000 UTC,20.6147,20.6181,20.6125,20.6173,482.19
16.12.2025 14:51:00.000 UTC,20.6169,20.6187,20.6147,20.6165,399.72
16.12.2025 14:52:00.000 UTC,20.6177,20.6197,20.6145,20.6173,442.02
16.12.2025 14:53:00.000 UTC,20.6171,20.6213,20.6131,20.6143,419.49
16.12.2025 14:54:00.000 UTC,20.6145,20.6148,20.6087,20.6102,307.86
16.12.2025 14:55:00.000 UTC,20.6102,20.6102,20.6053,20.6055,321.9
16.12.2025 14:56:00.000 UTC,20.6058,20.6077,20.6038,20.6053,378.06
16.12.2025 14:57:00.000 UTC,20.6054,20.6062,20.5944,20.5982,620.37
16.12.2025 14:58:00.000 UTC,20.5976,20.6012,20.5957,20.5987,537.99
16.12.2025 14:59:00.000 UTC,20.5987,20.6024,20.5977,20.6009,437.73
16.12.2025 15:00:00.000 UTC,20.6011,20.6018,20.5987,20.6008,504.75
16.12.2025 15:01:00.000 UTC,20.6013,20.6042,20.5916,20.5948,528.66
16.12.2025 15:02:00.000 UTC,20.5946,20.5971,20.5911,20.5965,484.47
16.12.2025 15:03:00.000 UTC,20.5961,20.6071,20.5952,20.6071,518.4
16.12.2025 15:04:00.000 UTC,20.6067,20.6081,20.6032,20.6052,416.7
16.12.2025 15:05:00.000 UTC,20.6052,20.6072,20.6002,20.6012,298.2
16.12.2025 15:06:00.000 UTC,20.6002,20.6082,20.6002,20.6055,358.17
16.12.2025 15:07:00.000 UTC,20.6054,20.6093,20.6031,20.6043,450.33
16.12.2025 15:08:00.000 UTC,20.6047,20.6172,20.6047,20.6137,404.94
16.12.2025 15:09:00.000 UTC,20.6137,20.6202,20.6131,20.618,299.25
16.12.2025 15:10:00.000 UTC,20.6181,20.6222,20.6161,20.6216,220.35
16.12.2025 15:11:00.000 UTC,20.6217,20.6273,20.6209,20.6252,238.95
16.12.2025 15:12:00.000 UTC,20.6252,20.6307,20.6242,20.6282,356.1
16.12.2025 15:13:00.000 UTC,20.6274,20.6313,20.6268,20.6302,298.95
16.12.2025 15:14:00.000 UTC,20.6302,20.6353,20.6302,20.6312,186.3
16.12.2025 15:15:00.000 UTC,20.6311,20.6352,20.6301,20.6342,218.85
16.12.2025 15:16:00.000 UTC,20.6342,20.6385,20.6337,20.6376,217.02
16.12.2025 15:17:00.000 UTC,20.6376,20.6386,20.6358,20.6371,237.15
16.12.2025 15:18:00.000 UTC,20.6371,20.6422,20.6371,20.6409,295.47
16.12.2025 15:19:00.000 UTC,20.6404,20.6442,20.6359,20.6378,340.65
16.12.2025 15:20:00.000 UTC,20.6375,20.6433,20.6366,20.6423,351
16.12.2025 15:21:00.000 UTC,20.6423,20.6472,20.6423,20.6444,344.11
16.12.2025 15:22:00.000 UTC,20.6444,20.6452,20.6417,20.6417,236.8
16.12.2025 15:23:00.000 UTC,20.6421,20.6451,20.6391,20.6448,323.56
16.12.2025 15:24:00.000 UTC,20.6456,20.6461,20.6418,20.6431,211.89
16.12.2025 15:25:00.000 UTC,20.6431,20.6512,20.6428,20.6492,283.88
16.12.2025 15:26:00.000 UTC,20.6492,20.6492,20.6444,20.6452,216.54
16.12.2025 15:27:00.000 UTC,20.6452,20.6472,20.64,20.64,203.79
16.12.2025 15:28:00.000 UTC,20.64,20.6401,20.6353,20.6376,314.01
16.12.2025 15:29:00.000 UTC,20.6378,20.6392,20.6348,20.6386,231.72
16.12.2025 15:30:00.000 UTC,20.6387,20.6463,20.6367,20.644,321.09
16.12.2025 15:31:00.000 UTC,20.644,20.6441,20.6375,20.6377,251.52
16.12.2025 15:32:00.000 UTC,20.6376,20.6409,20.6355,20.6355,307.44
16.12.2025 15:33:00.000 UTC,20.6355,20.6463,20.6351,20.6463,152.1
16.12.2025 15:34:00.000 UTC,20.6464,20.6478,20.6428,20.6428,176.25
16.12.2025 15:35:00.000 UTC,20.6438,20.6468,20.6438,20.6458,160.8
16.12.2025 15:36:00.000 UTC,20.6458,20.6558,20.6442,20.6558,142.2
16.12.2025 15:37:00.000 UTC,20.6558,20.6598,20.6553,20.6578,226.5
16.12.2025 15:38:00.000 UTC,20.6571,20.6571,20.6544,20.6558,175.5
16.12.2025 15:39:00.000 UTC,20.6558,20.6598,20.6501,20.6501,214.8
16.12.2025 15:40:00.000 UTC,20.65,20.6518,20.6488,20.6518,259.78
16.12.2025 15:41:00.000 UTC,20.6518,20.6528,20.6458,20.6459,288.84
16.12.2025 15:42:00.000 UTC,20.6459,20.6484,20.645,20.6481,282.06
16.12.2025 15:43:00.000 UTC,20.6481,20.6512,20.6475,20.6504,156.18
16.12.2025 15:44:00.000 UTC,20.6504,20.6523,20.6474,20.6505,234.39
16.12.2025 15:45:00.000 UTC,20.6503,20.6519,20.6486,20.6518,202.14
16.12.2025 15:46:00.000 UTC,20.6513,20.6527,20.649,20.6501,154.35
16.12.2025 15:47:00.000 UTC,20.6501,20.6521,20.647,20.6471,202.2
16.12.2025 15:48:00.000 UTC,20.6472,20.6485,20.6448,20.645,226.83
16.12.2025 15:49:00.000 UTC,20.645,20.6471,20.64,20.6464,244.39
16.12.2025 15:50:00.000 UTC,20.6464,20.6485,20.6459,20.6461,289.48
16.12.2025 15:51:00.000 UTC,20.6461,20.6471,20.6448,20.6456,211.18
16.12.2025 15:52:00.000 UTC,20.6461,20.6463,20.643,20.646,225.45
16.12.2025 15:53:00.000 UTC,20.646,20.6462,20.6408,20.6438,191.19
16.12.2025 15:54:00.000 UTC,20.6441,20.6516,20.6441,20.6498,312.33
16.12.2025 15:55:00.000 UTC,20.6501,20.6574,20.6501,20.6559,341.4
16.12.2025 15:56:00.000 UTC,20.6561,20.6618,20.6561,20.6586,295.07
16.12.2025 15:57:00.000 UTC,20.659,20.659,20.6541,20.657,378.7
16.12.2025 15:58:00.000 UTC,20.657,20.6612,20.6566,20.6607,274.47
16.12.2025 15:59:00.000 UTC,20.6608,20.6623,20.6606,20.6618,262.68
16.12.2025 16:00:00.000 UTC,20.6618,20.6648,20.6618,20.6631,359.56
16.12.2025 16:01:00.000 UTC,20.6631,20.6648,20.6601,20.6612,390.33
16.12.2025 16:02:00.000 UTC,20.661,20.6638,20.6601,20.663,311.94
16.12.2025 16:03:00.000 UTC,20.663,20.6665,20.6621,20.6664,243.39
16.12.2025 16:04:00.000 UTC,20.6666,20.6682,20.6658,20.6667,226.98
16.12.2025 16:05:00.000 UTC,20.6667,20.6671,20.6601,20.661,221.1
16.12.2025 16:06:00.000 UTC,20.6609,20.666,20.6602,20.6656,147.87
16.12.2025 16:07:00.000 UTC,20.6658,20.6735,20.6649,20.6729,204.14
16.12.2025 16:08:00.000 UTC,20.6727,20.6798,20.6726,20.6785,237.24
16.12.2025 16:09:00.000 UTC,20.6781,20.6796,20.6749,20.677,234.65
16.12.2025 16:10:00.000 UTC,20.6768,20.6788,20.6751,20.6764,265.95
16.12.2025 16:11:00.000 UTC,20.6764,20.6776,20.667,20.6672,318.78
16.12.2025 16:12:00.000 UTC,20.6672,20.6692,20.666,20.6668,256.38
16.12.2025 16:13:00.000 UTC,20.6671,20.6681,20.6633,20.6635,338.01
16.12.2025 16:14:00.000 UTC,20.6635,20.6678,20.661,20.6676,337.85
16.12.2025 16:15:00.000 UTC,20.6675,20.6709,20.6661,20.6681,325.65
16.12.2025 16:16:00.000 UTC,20.6681,20.6711,20.6678,20.671,198.6
16.12.2025 16:17:00.000 UTC,20.671,20.6712,20.6665,20.6676,250.95
16.12.2025 16:18:00.000 UTC,20.6671,20.6682,20.665,20.666,251.01
16.12.2025 16:19:00.000 UTC,20.666,20.6681,20.665,20.6667,204.99
16.12.2025 16:20:00.000 UTC,20.6666,20.6674,20.6647,20.666,200.56
16.12.2025 16:21:00.000 UTC,20.666,20.6684,20.6639,20.6656,186.06
16.12.2025 16:22:00.000 UTC,20.6658,20.6668,20.6633,20.6646,201.78
16.12.2025 16:23:00.000 UTC,20.6649,20.6651,20.6594,20.6604,242.07
16.12.2025 16:24:00.000 UTC,20.6601,20.6601,20.6562,20.6567,164.1
16.12.2025 16:25:00.000 UTC,20.6567,20.6582,20.6551,20.657,205.5
16.12.2025 16:26:00.000 UTC,20.6563,20.6601,20.6563,20.6575,194.55
16.12.2025 16:27:00.000 UTC,20.658,20.6582,20.6548,20.6562,194.34
16.12.2025 16:28:00.000 UTC,20.6562,20.6603,20.6561,20.6601,159.75
16.12.2025 16:29:00.000 UTC,20.6608,20.661,20.6569,20.6573,194.01
16.12.2025 16:30:00.000 UTC,20.6574,20.663,20.6568,20.6619,316.14
16.12.2025 16:31:00.000 UTC,20.6619,20.6632,20.6616,20.6616,79.8
16.12.2025 16:32:00.000 UTC,20.6616,20.6662,20.6616,20.6661,115.89
16.12.2025 16:33:00.000 UTC,20.6661,20.6666,20.6635,20.6649,156.87
16.12.2025 16:34:00.000 UTC,20.6648,20.6705,20.6648,20.6705,141.39
16.12.2025 16:35:00.000 UTC,20.6704,20.6722,20.6682,20.6692,198.42
16.12.2025 16:36:00.000 UTC,20.6692,20.6712,20.6664,20.6702,235.8
16.12.2025 16:37:00.000 UTC,20.6701,20.6702,20.6642,20.6642,254.25
16.12.2025 16:38:00.000 UTC,20.6642,20.6672,20.6641,20.6646,308.04
16.12.2025 16:39:00.000 UTC,20.6646,20.6668,20.6646,20.6659,146.4
16.12.2025 16:40:00.000 UTC,20.6659,20.6715,20.6659,20.6711,161.04
16.12.2025 16:41:00.000 UTC,20.6711,20.6721,20.6686,20.6713,132.15
16.12.2025 16:42:00.000 UTC,20.6713,20.6725,20.6681,20.6721,295.95
16.12.2025 16:43:00.000 UTC,20.6723,20.6733,20.669,20.6699,143.25
16.12.2025 16:44:00.000 UTC,20.6691,20.6698,20.6671,20.6671,163.5
16.12.2025 16:45:00.000 UTC,20.6672,20.6685,20.6643,20.665,279.03
16.12.2025 16:46:00.000 UTC,20.6649,20.6681,20.6646,20.6675,181.65
16.12.2025 16:47:00.000 UTC,20.6675,20.6728,20.6664,20.6711,135.66
16.12.2025 16:48:00.000 UTC,20.6701,20.6717,20.67,20.6709,102.6
16.12.2025 16:49:00.000 UTC,20.6709,20.6709,20.6668,20.6703,95.79
16.12.2025 16:50:00.000 UTC,20.6702,20.6717,20.6681,20.6702,126.45
16.12.2025 16:51:00.000 UTC,20.6705,20.6732,20.67,20.671,319.95
16.12.2025 16:52:00.000 UTC,20.6711,20.6717,20.6708,20.6716,205.8
16.12.2025 16:53:00.000 UTC,20.6712,20.6721,20.671,20.6715,104.1
16.12.2025 16:54:00.000 UTC,20.6715,20.6762,20.6715,20.6743,163.8
16.12.2025 16:55:00.000 UTC,20.6742,20.6772,20.6742,20.6752,116.55
16.12.2025 16:56:00.000 UTC,20.6758,20.6797,20.6741,20.6779,138.33
16.12.2025 16:57:00.000 UTC,20.6779,20.6782,20.6761,20.6765,236.61
16.12.2025 16:58:00.000 UTC,20.6763,20.6769,20.6752,20.6753,264.06
16.12.2025 16:59:00.000 UTC,20.6755,20.6763,20.6739,20.6739,374.85
16.12.2025 17:00:00.000 UTC,20.674,20.6741,20.6701,20.6714,93.36
16.12.2025 17:01:00.000 UTC,20.6711,20.674,20.6711,20.6713,51.24
16.12.2025 17:02:00.000 UTC,20.6711,20.6729,20.671,20.6715,63.83
16.12.2025 17:03:00.000 UTC,20.6719,20.6722,20.6671,20.6683,60.24
16.12.2025 17:04:00.000 UTC,20.6676,20.6695,20.6643,20.6644,103.11
16.12.2025 17:05:00.000 UTC,20.6648,20.6666,20.6639,20.6651,48.87
16.12.2025 17:06:00.000 UTC,20.6643,20.6643,20.6607,20.6609,52.47
16.12.2025 17:07:00.000 UTC,20.6615,20.6638,20.6603,20.6616,79.68
16.12.2025 17:08:00.000 UTC,20.6615,20.6634,20.6597,20.6599,133.47
16.12.2025 17:09:00.000 UTC,20.6601,20.6613,20.6587,20.6595,85.47
16.12.2025 17:10:00.000 UTC,20.6596,20.6601,20.658,20.6596,122.67
16.12.2025 17:11:00.000 UTC,20.6596,20.6606,20.6565,20.6565,116.85
16.12.2025 17:12:00.000 UTC,20.6572,20.6573,20.6557,20.6573,98.73
16.12.2025 17:13:00.000 UTC,20.6571,20.6584,20.6571,20.6581,87.48
16.12.2025 17:14:00.000 UTC,20.6581,20.6596,20.6576,20.6577,106.92
16.12.2025 17:15:00.000 UTC,20.658,20.6588,20.6575,20.6581,74.63
16.12.2025 17:16:00.000 UTC,20.6583,20.6605,20.6581,20.6598,76.82
16.12.2025 17:17:00.000 UTC,20.6597,20.6604,20.6587,20.6591,70.26
16.12.2025 17:18:00.000 UTC,20.6591,20.6618,20.6591,20.6614,76.2
16.12.2025 17:19:00.000 UTC,20.6614,20.6631,20.66,20.6606,74.13
16.12.2025 17:20:00.000 UTC,20.6606,20.6617,20.6604,20.6612,85.77
16.12.2025 17:21:00.000 UTC,20.6616,20.6616,20.6595,20.6602,97.74
16.12.2025 17:22:00.000 UTC,20.6602,20.661,20.6601,20.6602,48
16.12.2025 17:23:00.000 UTC,20.6602,20.6632,20.6591,20.6618,110.07
16.12.2025 17:24:00.000 UTC,20.6618,20.6618,20.6592,20.6602,47.25
16.12.2025 17:25:00.000 UTC,20.6601,20.6614,20.659,20.6614,60.42
16.12.2025 17:26:00.000 UTC,20.6611,20.6636,20.6609,20.6634,80.49
16.12.2025 17:27:00.000 UTC,20.6634,20.6644,20.6614,20.6631,97.05
16.12.2025 17:28:00.000 UTC,20.6631,20.6645,20.6631,20.6632,36.45
16.12.2025 17:29:00.000 UTC,20.6626,20.6626,20.6609,20.6618,53.55
16.12.2025 17:30:00.000 UTC,20.6611,20.6615,20.6581,20.6596,80.52
16.12.2025 17:31:00.000 UTC,20.6599,20.6599,20.6585,20.6586,44.79
16.12.2025 17:32:00.000 UTC,20.6588,20.6595,20.6571,20.6572,89.82
16.12.2025 17:33:00.000 UTC,20.6573,20.6575,20.6549,20.6559,72.66
16.12.2025 17:34:00.000 UTC,20.6559,20.6559,20.6537,20.6539,36.15
16.12.2025 17:35:00.000 UTC,20.6535,20.6556,20.6535,20.6549,65.91
16.12.2025 17:36:00.000 UTC,20.6546,20.6562,20.6531,20.6541,84.75
16.12.2025 17:37:00.000 UTC,20.6534,20.6574,20.6534,20.6572,68.88
16.12.2025 17:38:00.000 UTC,20.6572,20.6586,20.657,20.6576,50.4
16.12.2025 17:39:00.000 UTC,20.6577,20.659,20.6572,20.6582,63
16.12.2025 17:40:00.000 UTC,20.6578,20.6595,20.6574,20.6577,120.15
16.12.2025 17:41:00.000 UTC,20.6576,20.6632,20.6576,20.6631,153.3
16.12.2025 17:42:00.000 UTC,20.6631,20.6648,20.6631,20.6642,91.92
16.12.2025 17:43:00.000 UTC,20.6639,20.6642,20.6617,20.6618,140.4
16.12.2025 17:44:00.000 UTC,20.6619,20.6628,20.6577,20.6595,249.15
16.12.2025 17:45:00.000 UTC,20.6597,20.6598,20.6577,20.6582,91.5
16.12.2025 17:46:00.000 UTC,20.6583,20.6585,20.6507,20.6517,195.24
16.12.2025 17:47:00.000 UTC,20.6524,20.6564,20.6515,20.6555,260.85
16.12.2025 17:48:00.000 UTC,20.6554,20.6572,20.6544,20.6558,164.22
16.12.2025 17:49:00.000 UTC,20.6557,20.6575,20.6547,20.6561,208.89
16.12.2025 17:50:00.000 UTC,20.6567,20.6616,20.6567,20.6613,120.75
16.12.2025 17:51:00.000 UTC,20.6613,20.6637,20.66,20.6627,177.21
16.12.2025 17:52:00.000 UTC,20.6628,20.6663,20.6625,20.6658,152.25
16.12.2025 17:53:00.000 UTC,20.6657,20.6685,20.6653,20.6671,137.4
16.12.2025 17:54:00.000 UTC,20.6669,20.667,20.6653,20.6654,105.45
16.12.2025 17:55:00.000 UTC,20.6653,20.6693,20.6647,20.6685,181.86
16.12.2025 17:56:00.000 UTC,20.6688,20.6714,20.6686,20.6705,130.65
16.12.2025 17:57:00.000 UTC,20.6705,20.6741,20.6705,20.6735,153.45
16.12.2025 17:58:00.000 UTC,20.6736,20.6756,20.6729,20.6729,228
16.12.2025 17:59:00.000 UTC,20.6728,20.6739,20.6725,20.6727,179.91
16.12.2025 18:00:00.000 UTC,20.6729,20.6766,20.6727,20.6762,160.95
16.12.2025 18:01:00.000 UTC,20.6763,20.6784,20.6753,20.6783,223.62
16.12.2025 18:02:00.000 UTC,20.6778,20.6801,20.6764,20.6793,168.9
16.12.2025 18:03:00.000 UTC,20.6793,20.685,20.6783,20.6792,414.26
16.12.2025 18:04:00.000 UTC,20.6795,20.6848,20.6792,20.6841,247.5
16.12.2025 18:05:00.000 UTC,20.684,20.6851,20.6818,20.6818,206.4
16.12.2025 18:06:00.000 UTC,20.6818,20.6869,20.6811,20.6865,195.3
16.12.2025 18:07:00.000 UTC,20.687,20.6894,20.6841,20.6851,359.85
16.12.2025 18:08:00.000 UTC,20.6854,20.6866,20.6823,20.6833,283.05
16.12.2025 18:09:00.000 UTC,20.6835,20.6864,20.6827,20.6862,138.45
16.12.2025 18:10:00.000 UTC,20.6858,20.6875,20.6844,20.6857,294
16.12.2025 18:11:00.000 UTC,20.6857,20.6952,20.6853,20.6943,241.2
16.12.2025 18:12:00.000 UTC,20.6943,20.6953,20.6937,20.694,103.56
16.12.2025 18:13:00.000 UTC,20.6943,20.6943,20.6912,20.6923,127.47
16.12.2025 18:14:00.000 UTC,20.6924,20.6926,20.6896,20.69,90.96
16.12.2025 18:15:00.000 UTC,20.6905,20.6929,20.6905,20.6921,60.57
16.12.2025 18:16:00.000 UTC,20.6919,20.6952,20.6918,20.6947,94.2
16.12.2025 18:17:00.000 UTC,20.6948,20.695,20.6931,20.6938,87.27
16.12.2025 18:18:00.000 UTC,20.694,20.6947,20.6931,20.6947,91.95
16.12.2025 18:19:00.000 UTC,20.6949,20.698,20.6945,20.6973,88.29
16.12.2025 18:20:00.000 UTC,20.6968,20.697,20.6901,20.6915,97.89
16.12.2025 18:21:00.000 UTC,20.6915,20.6969,20.6915,20.6964,86.4
16.12.2025 18:22:00.000 UTC,20.6964,20.6993,20.6964,20.6983,86.64
16.12.2025 18:23:00.000 UTC,20.6982,20.699,20.698,20.6983,87.42
16.12.2025 18:24:00.000 UTC,20.6983,20.6984,20.6962,20.6964,46.71
16.12.2025 18:25:00.000 UTC,20.6966,20.6973,20.6951,20.6961,55.89
16.12.2025 18:26:00.000 UTC,20.6963,20.6977,20.6953,20.6974,107.4
16.12.2025 18:27:00.000 UTC,20.6976,20.6996,20.6975,20.6992,73.17
16.12.2025 18:28:00.000 UTC,20.6991,20.705,20.6985,20.7042,119.58
16.12.2025 18:29:00.000 UTC,20.7042,20.7068,20.7025,20.7066,177.12
16.12.2025 18:30:00.000 UTC,20.7065,20.7081,20.7031,20.7043,126.87
16.12.2025 18:31:00.000 UTC,20.7047,20.7047,20.7011,20.7015,62.94
16.12.2025 18:32:00.000 UTC,20.7015,20.7031,20.7008,20.7031,141.45
16.12.2025 18:33:00.000 UTC,20.7031,20.7049,20.7031,20.7041,79.8
16.12.2025 18:34:00.000 UTC,20.7042,20.7066,20.704,20.7041,102.3
16.12.2025 18:35:00.000 UTC,20.7041,20.7051,20.7035,20.7038,72.45
16.12.2025 18:36:00.000 UTC,20.7038,20.7038,20.6993,20.7011,96.6
16.12.2025 18:37:00.000 UTC,20.7011,20.7035,20.7011,20.7011,86.4
16.12.2025 18:38:00.000 UTC,20.7015,20.7021,20.7,20.7011,81.9
16.12.2025 18:39:00.000 UTC,20.7014,20.7017,20.701,20.7011,53.85
16.12.2025 18:40:00.000 UTC,20.7011,20.7011,20.6981,20.6984,73.05
16.12.2025 18:41:00.000 UTC,20.6981,20.6991,20.6971,20.6974,64.35
16.12.2025 18:42:00.000 UTC,20.6977,20.6992,20.6964,20.6987,57.75
16.12.2025 18:43:00.000 UTC,20.6985,20.6985,20.6961,20.6969,46.65
16.12.2025 18:44:00.000 UTC,20.6961,20.6977,20.6954,20.6973,63.3
16.12.2025 18:45:00.000 UTC,20.6971,20.6977,20.6961,20.6961,40.2
16.12.2025 18:46:00.000 UTC,20.6961,20.6965,20.696,20.696,48.9
16.12.2025 18:47:00.000 UTC,20.696,20.6966,20.6951,20.6961,37.65
16.12.2025 18:48:00.000 UTC,20.6961,20.6965,20.6947,20.6951,57.45
16.12.2025 18:49:00.000 UTC,20.6953,20.6957,20.6941,20.695,51.3
16.12.2025 18:50:00.000 UTC,20.6945,20.6973,20.6941,20.6973,66.06
16.12.2025 18:51:00.000 UTC,20.6973,20.6973,20.6961,20.6968,72.15
16.12.2025 18:52:00.000 UTC,20.6961,20.697,20.6958,20.6961,73.86
16.12.2025 18:53:00.000 UTC,20.6961,20.6975,20.6949,20.6951,50.79
16.12.2025 18:54:00.000 UTC,20.6956,20.6957,20.695,20.695,53.34
16.12.2025 18:55:00.000 UTC,20.695,20.6957,20.6941,20.6945,48.21
16.12.2025 18:56:00.000 UTC,20.6946,20.695,20.6944,20.6949,46.68
16.12.2025 18:57:00.000 UTC,20.6948,20.6984,20.6948,20.6977,67.44
16.12.2025 18:58:00.000 UTC,20.6979,20.6986,20.6921,20.6925,109.38
16.12.2025 18:59:00.000 UTC,20.6921,20.6934,20.6912,20.6915,79.8
16.12.2025 19:00:00.000 UTC,20.6917,20.6941,20.6911,20.6931,78.51
16.12.2025 19:01:00.000 UTC,20.6929,20.6931,20.691,20.692,51.93
16.12.2025 19:02:00.000 UTC,20.6926,20.6945,20.691,20.6938,84
16.12.2025 19:03:00.000 UTC,20.6941,20.6987,20.6933,20.6985,73.5
16.12.2025 19:04:00.000 UTC,20.6985,20.7003,20.6981,20.7003,82.2
16.12.2025 19:05:00.000 UTC,20.7003,20.7009,20.6966,20.7009,97.2
16.12.2025 19:06:00.000 UTC,20.7009,20.7021,20.7009,20.7021,72.45
16.12.2025 19:07:00.000 UTC,20.7022,20.7027,20.7017,20.702,46.95
16.12.2025 19:08:00.000 UTC,20.7024,20.7027,20.7008,20.7008,62.4
16.12.2025 19:09:00.000 UTC,20.7005,20.7011,20.6986,20.6993,30.15
16.12.2025 19:10:00.000 UTC,20.6996,20.7014,20.6992,20.7011,57.27
16.12.2025 19:11:00.000 UTC,20.7012,20.7018,20.7008,20.7014,26.4
16.12.2025 19:12:00.000 UTC,20.7015,20.7024,20.7012,20.7024,19.92
16.12.2025 19:13:00.000 UTC,20.7021,20.7021,20.7005,20.7006,20.4
16.12.2025 19:14:00.000 UTC,20.7006,20.7006,20.6993,20.6993,50.4
16.12.2025 19:15:00.000 UTC,20.6994,20.6999,20.6972,20.6972,45.12
16.12.2025 19:16:00.000 UTC,20.6972,20.6987,20.6972,20.6984,38.7
16.12.2025 19:17:00.000 UTC,20.6987,20.6987,20.697,20.697,44.55
16.12.2025 19:18:00.000 UTC,20.697,20.697,20.6956,20.6957,45.6
16.12.2025 19:19:00.000 UTC,20.6957,20.6966,20.6941,20.6963,54.45
16.12.2025 19:20:00.000 UTC,20.6966,20.6966,20.6947,20.6954,80.49
16.12.2025 19:21:00.000 UTC,20.6957,20.6961,20.6938,20.6938,26.85
16.12.2025 19:22:00.000 UTC,20.6937,20.695,20.6937,20.695,24.24
16.12.2025 19:23:00.000 UTC,20.6945,20.6949,20.6938,20.6947,14.1
16.12.2025 19:24:00.000 UTC,20.6947,20.6947,20.6934,20.6934,13.29
16.12.2025 19:25:00.000 UTC,20.6941,20.7223,20.694,20.7093,312.27
16.12.2025 19:26:00.000 UTC,20.7107,20.7145,20.7048,20.7132,320.75
16.12.2025 19:27:00.000 UTC,20.7134,20.7146,20.7094,20.7106,152.25
16.12.2025 19:28:00.000 UTC,20.7099,20.7106,20.7051,20.7061,108
16.12.2025 19:29:00.000 UTC,20.7064,20.7064,20.7031,20.705,109.35
16.12.2025 19:30:00.000 UTC,20.7043,20.7043,20.6989,20.7011,136.65
16.12.2025 19:31:00.000 UTC,20.7007,20.7009,20.6946,20.6946,105.15
16.12.2025 19:32:00.000 UTC,20.6946,20.6961,20.6935,20.6935,100.05
16.12.2025 19:33:00.000 UTC,20.6936,20.6936,20.6908,20.6917,84.45
16.12.2025 19:34:00.000 UTC,20.6914,20.6917,20.6903,20.6911,42.9
16.12.2025 19:35:00.000 UTC,20.691,20.6912,20.6878,20.6878,68.7
16.12.2025 19:36:00.000 UTC,20.6881,20.6917,20.6879,20.6882,68.7
16.12.2025 19:37:00.000 UTC,20.6881,20.6906,20.6878,20.6898,34.2
16.12.2025 19:38:00.000 UTC,20.6901,20.6905,20.6868,20.6872,54.33
16.12.2025 19:39:00.000 UTC,20.6872,20.6889,20.6866,20.6877,49.35
16.12.2025 19:40:00.000 UTC,20.6877,20.6878,20.684,20.684,45
16.12.2025 19:41:00.000 UTC,20.684,20.684,20.6808,20.6821,58.2
16.12.2025 19:42:00.000 UTC,20.682,20.6848,20.682,20.6838,61.35
16.12.2025 19:43:00.000 UTC,20.6837,20.684,20.68,20.6805,55.65
16.12.2025 19:44:00.000 UTC,20.6805,20.6827,20.6797,20.6805,44.7
16.12.2025 19:45:00.000 UTC,20.6805,20.6807,20.6791,20.6791,39.15
16.12.2025 19:46:00.000 UTC,20.6793,20.6798,20.6766,20.6781,61.05
16.12.2025 19:47:00.000 UTC,20.6784,20.6786,20.6756,20.6756,40.2
16.12.2025 19:48:00.000 UTC,20.6765,20.6771,20.6751,20.6758,27.87
16.12.2025 19:49:00.000 UTC,20.6758,20.6774,20.6758,20.6772,35.4
16.12.2025 19:50:00.000 UTC,20.677,20.6776,20.677,20.6776,34.8
16.12.2025 19:51:00.000 UTC,20.6781,20.6781,20.673,20.673,46.8
16.12.2025 19:52:00.000 UTC,20.6735,20.6746,20.6731,20.6734,35.85
16.12.2025 19:53:00.000 UTC,20.6734,20.6734,20.6728,20.6731,15.15
16.12.2025 19:54:00.000 UTC,20.6731,20.6758,20.6731,20.6755,37.95
16.12.2025 19:55:00.000 UTC,20.6761,20.6821,20.6761,20.6821,74.55
16.12.2025 19:56:00.000 UTC,20.6812,20.6831,20.68,20.6813,61.32
16.12.2025 19:57:00.000 UTC,20.6812,20.6829,20.6802,20.6829,46.89
16.12.2025 19:58:00.000 UTC,20.6828,20.6828,20.6798,20.6803,69.51
16.12.2025 19:59:00.000 UTC,20.6801,20.6819,20.6801,20.6811,68.16
16.12.2025 20:00:00.000 UTC,20.6811,20.6819,20.6762,20.6765,78.9
16.12.2025 20:01:00.000 UTC,20.6765,20.6774,20.6759,20.6773,41.04
16.12.2025 20:02:00.000 UTC,20.6767,20.6791,20.6758,20.6791,49.8
16.12.2025 20:03:00.000 UTC,20.6791,20.6807,20.6791,20.6805,18
16.12.2025 20:04:00.000 UTC,20.6805,20.6805,20.6768,20.6776,45.75
16.12.2025 20:05:00.000 UTC,20.6781,20.6795,20.675,20.675,60.87
16.12.2025 20:06:00.000 UTC,20.6753,20.6769,20.6746,20.6764,61.98
16.12.2025 20:07:00.000 UTC,20.6764,20.6764,20.6739,20.6739,24.99
16.12.2025 20:08:00.000 UTC,20.6732,20.6741,20.6731,20.6741,42.12
16.12.2025 20:09:00.000 UTC,20.6736,20.6743,20.6716,20.6743,29.52
16.12.2025 20:10:00.000 UTC,20.6746,20.6748,20.6735,20.6745,58.02
16.12.2025 20:11:00.000 UTC,20.6745,20.6763,20.6745,20.6761,25.2
16.12.2025 20:12:00.000 UTC,20.6757,20.6778,20.6751,20.6767,36.75
16.12.2025 20:13:00.000 UTC,20.6761,20.6781,20.6761,20.6779,26.1
16.12.2025 20:14:00.000 UTC,20.6786,20.6793,20.6777,20.6787,35.34
16.12.2025 20:15:00.000 UTC,20.6788,20.6796,20.6785,20.6793,17.55
16.12.2025 20:16:00.000 UTC,20.6803,20.6817,20.6801,20.6811,26.49
16.12.2025 20:17:00.000 UTC,20.6812,20.6833,20.6812,20.6833,22.8
16.12.2025 20:18:00.000 UTC,20.684,20.6875,20.684,20.687,46.05
16.12.2025 20:19:00.000 UTC,20.687,20.6889,20.6867,20.6867,27.15
16.12.2025 20:20:00.000 UTC,20.6857,20.686,20.6841,20.6844,29.55
16.12.2025 20:21:00.000 UTC,20.6846,20.6854,20.6839,20.6854,53.55
16.12.2025 20:22:00.000 UTC,20.6854,20.6875,20.6854,20.6875,42.3
16.12.2025 20:23:00.000 UTC,20.6874,20.6877,20.6865,20.6867,24.87
16.12.2025 20:24:00.000 UTC,20.6868,20.6877,20.6855,20.6855,30.72
16.12.2025 20:25:00.000 UTC,20.6858,20.6868,20.6849,20.6868,21.75
16.12.2025 20:26:00.000 UTC,20.6868,20.6871,20.6847,20.6847,21.69
16.12.2025 20:27:00.000 UTC,20.6839,20.6847,20.6839,20.6839,10.95
16.12.2025 20:28:00.000 UTC,20.6836,20.6836,20.682,20.682,24
16.12.2025 20:29:00.000 UTC,20.682,20.6831,20.682,20.683,30.69
16.12.2025 20:30:00.000 UTC,20.6836,20.686,20.6836,20.686,13.2
16.12.2025 20:31:00.000 UTC,20.6856,20.6856,20.6851,20.6854,10.8
16.12.2025 20:32:00.000 UTC,20.6854,20.6859,20.6849,20.6849,26.4
16.12.2025 20:33:00.000 UTC,20.6844,20.6853,20.6841,20.6853,15
16.12.2025 20:34:00.000 UTC,20.6851,20.6851,20.6817,20.6842,51.45
16.12.2025 20:35:00.000 UTC,20.6844,20.686,20.6828,20.6828,68.1
16.12.2025 20:36:00.000 UTC,20.6831,20.6833,20.6812,20.683,40.8
16.12.2025 20:37:00.000 UTC,20.6831,20.6841,20.6799,20.6799,19.2
16.12.2025 20:38:00.000 UTC,20.6794,20.6794,20.6724,20.6767,132.06
16.12.2025 20:39:00.000 UTC,20.6771,20.6777,20.6745,20.6751,37.8
16.12.2025 20:40:00.000 UTC,20.6739,20.6763,20.6733,20.6751,40.8
16.12.2025 20:41:00.000 UTC,20.6751,20.6791,20.6751,20.6781,35.7
16.12.2025 20:42:00.000 UTC,20.6781,20.6781,20.6741,20.6758,56.25
16.12.2025 20:43:00.000 UTC,20.6746,20.6761,20.6746,20.6751,68.82
16.12.2025 20:44:00.000 UTC,20.6749,20.6752,20.6735,20.6742,86.16
16.12.2025 20:45:00.000 UTC,20.6743,20.6745,20.6712,20.6713,54.57
16.12.2025 20:46:00.000 UTC,20.6713,20.6726,20.6711,20.6714,41.28
16.12.2025 20:47:00.000 UTC,20.6718,20.6719,20.671,20.6714,44.01
16.12.2025 20:48:00.000 UTC,20.6719,20.6739,20.671,20.673,73.08
16.12.2025 20:49:00.000 UTC,20.6731,20.6766,20.6731,20.6747,76.35
16.12.2025 20:50:00.000 UTC,20.6749,20.6749,20.6723,20.6742,78.6
16.12.2025 20:51:00.000 UTC,20.6731,20.6749,20.6726,20.6746,66.54
16.12.2025 20:52:00.000 UTC,20.6741,20.6765,20.674,20.6763,51.3
16.12.2025 20:53:00.000 UTC,20.6763,20.6801,20.6761,20.6801,101.1
16.12.2025 20:54:00.000 UTC,20.6806,20.6825,20.6798,20.6825,63.27
16.12.2025 20:55:00.000 UTC,20.6828,20.6889,20.6828,20.6881,150.75
16.12.2025 20:56:00.000 UTC,20.6881,20.6916,20.6841,20.6911,143.4
16.12.2025 20:57:00.000 UTC,20.6911,20.6998,20.6908,20.6988,160.35
16.12.2025 20:58:00.000 UTC,20.6969,20.6969,20.6931,20.695,89.55
16.12.2025 20:59:00.000 UTC,20.6949,20.6971,20.6941,20.6971,39.69
16.12.2025 21:00:00.000 UTC,20.6961,20.6984,20.6951,20.6981,26.88
16.12.2025 21:01:00.000 UTC,20.699,20.699,20.6961,20.6972,24.42
16.12.2025 21:02:00.000 UTC,20.6981,20.7001,20.6957,20.6961,18.9
16.12.2025 21:03:00.000 UTC,20.6951,20.6971,20.6941,20.6971,17.1
16.12.2025 21:04:00.000 UTC,20.6961,20.6973,20.695,20.695,46.14
16.12.2025 21:05:00.000 UTC,20.6937,20.6941,20.6915,20.692,26.85
16.12.2025 21:06:00.000 UTC,20.6921,20.6934,20.692,20.6928,27
16.12.2025 21:07:00.000 UTC,20.6938,20.6938,20.6918,20.6918,51.9
16.12.2025 21:08:00.000 UTC,20.6919,20.6925,20.6884,20.6887,67.05
16.12.2025 21:09:00.000 UTC,20.6887,20.6894,20.6871,20.6873,63.27
16.12.2025 21:10:00.000 UTC,20.6869,20.6876,20.6866,20.6874,64.77
16.12.2025 21:11:00.000 UTC,20.6879,20.6915,20.6879,20.6915,82.17
16.12.2025 21:12:00.000 UTC,20.6908,20.6908,20.6835,20.6846,147.45
16.12.2025 21:13:00.000 UTC,20.6837,20.6856,20.6832,20.6845,316.95
16.12.2025 21:14:00.000 UTC,20.6849,20.6866,20.6846,20.6863,98.1
16.12.2025 21:15:00.000 UTC,20.6861,20.687,20.6861,20.687,9.15
16.12.2025 21:16:00.000 UTC,20.687,20.687,20.687,20.687,13.2
16.12.2025 21:17:00.000 UTC,20.687,20.6874,20.6862,20.6872,37.35
16.12.2025 21:18:00.000 UTC,20.6871,20.688,20.6861,20.6861,30.6
16.12.2025 21:19:00.000 UTC,20.6861,20.6866,20.6859,20.6866,9.15
16.12.2025 21:20:00.000 UTC,20.6864,20.6889,20.6864,20.6877,42.9
16.12.2025 21:21:00.000 UTC,20.6877,20.6886,20.6877,20.6881,18
16.12.2025 21:22:00.000 UTC,20.6881,20.6885,20.6871,20.6871,14.4
16.12.2025 21:23:00.000 UTC,20.6875,20.6881,20.6871,20.6881,15.15
16.12.2025 21:24:00.000 UTC,20.6881,20.6881,20.6881,20.6881,18
16.12.2025 21:25:00.000 UTC,20.6881,20.6891,20.6881,20.6881,25.2
16.12.2025 21:26:00.000 UTC,20.6881,20.6898,20.6881,20.6891,24.3
16.12.2025 21:27:00.000 UTC,20.6895,20.6895,20.6871,20.6881,25.05
16.12.2025 21:28:00.000 UTC,20.6881,20.6881,20.6865,20.6869,51.3
16.12.2025 21:29:00.000 UTC,20.6869,20.6891,20.6869,20.6886,126
16.12.2025 21:30:00.000 UTC,20.6886,20.6886,20.6849,20.6851,86.4
16.12.2025 21:31:00.000 UTC,20.6852,20.6884,20.6851,20.6859,97.35
16.12.2025 21:32:00.000 UTC,20.6851,20.6861,20.6851,20.6859,50.4
16.12.2025 21:33:00.000 UTC,20.685,20.6851,20.6839,20.685,31.05
16.12.2025 21:34:00.000 UTC,20.685,20.6861,20.6849,20.6859,47.55
16.12.2025 21:35:00.000 UTC,20.6851,20.6851,20.6837,20.6844,12.75
16.12.2025 21:36:00.000 UTC,20.6846,20.6848,20.6825,20.6825,9.6
16.12.2025 21:37:00.000 UTC,20.6827,20.6827,20.6825,20.6825,8.4
16.12.2025 21:38:00.000 UTC,20.6828,20.6828,20.6825,20.6826,5.4
16.12.2025 21:39:00.000 UTC,20.6829,20.6829,20.6829,20.6829,1.8
16.12.2025 21:40:00.000 UTC,20.6827,20.6828,20.6825,20.6826,11.4
16.12.2025 21:41:00.000 UTC,20.6826,20.6843,20.6825,20.6825,24
16.12.2025 21:42:00.000 UTC,20.6826,20.6827,20.6825,20.6825,11.4
16.12.2025 21:43:00.000 UTC,20.6827,20.6828,20.6827,20.6828,5.4
16.12.2025 21:44:00.000 UTC,20.6829,20.6848,20.6829,20.6848,21.45
16.12.2025 21:45:00.000 UTC,20.6841,20.6843,20.6826,20.6826,38.55
16.12.2025 21:46:00.000 UTC,20.6826,20.6829,20.6826,20.6826,9.9
16.12.2025 21:47:00.000 UTC,20.6826,20.6829,20.6826,20.6829,23.7
16.12.2025 21:48:00.000 UTC,20.6829,20.6845,20.6814,20.6829,64.29
16.12.2025 21:49:00.000 UTC,20.6829,20.6836,20.6811,20.6815,79.35
16.12.2025 21:50:00.000 UTC,20.6815,20.6837,20.6815,20.6819,7.8
16.12.2025 21:51:00.000 UTC,20.6821,20.6821,20.6821,20.6821,1.2
16.12.2025 21:52:00.000 UTC,20.6823,20.6824,20.6815,20.6822,12.66
16.12.2025 21:53:00.000 UTC,20.6827,20.6827,20.6827,20.6827,1.2
16.12.2025 21:54:00.000 UTC,20.6825,20.6825,20.6825,20.6825,1.2
16.12.2025 21:55:00.000 UTC,20.6849,20.6887,20.6802,20.6861,72.6
16.12.2025 21:56:00.000 UTC,20.6861,20.6883,20.6805,20.6876,16.5
16.12.2025 21:57:00.000 UTC,20.6884,20.6896,20.6827,20.6896,29.7
16.12.2025 21:58:00.000 UTC,20.6896,20.6927,20.6831,20.689,82.05
16.12.2025 21:59:00.000 UTC,20.6856,20.6934,20.6856,20.6903,60.6
16.12.2025 22:00:00.000 UTC,20.6904,20.6904,20.6866,20.6901,6.6
16.12.2025 22:04:00.000 UTC,20.675,20.6863,20.675,20.6831,20.1
16.12.2025 22:05:00.000 UTC,20.6703,20.6878,20.6664,20.6878,6.75
16.12.2025 22:06:00.000 UTC,20.6869,20.6869,20.6869,20.6869,1.5
16.12.2025 22:07:00.000 UTC,20.6874,20.6874,20.6836,20.6836,5.1
16.12.2025 22:08:00.000 UTC,20.684,20.6843,20.6839,20.6843,40.5
16.12.2025 22:09:00.000 UTC,20.6844,20.6845,20.6844,20.6845,8.7
16.12.2025 22:10:00.000 UTC,20.6874,20.6874,20.6874,20.6874,1.8
16.12.2025 22:11:00.000 UTC,20.685,20.6853,20.685,20.6853,24.3
16.12.2025 22:12:00.000 UTC,20.6855,20.6874,20.6855,20.6869,9.9
16.12.2025 22:13:00.000 UTC,20.6874,20.6874,20.6869,20.6869,4.2
16.12.2025 22:14:00.000 UTC,20.6874,20.6874,20.6874,20.6874,3.6
16.12.2025 22:15:00.000 UTC,20.6874,20.6874,20.6861,20.6861,6.9
16.12.2025 22:16:00.000 UTC,20.6861,20.6874,20.6861,20.6874,5.1
16.12.2025 22:17:00.000 UTC,20.6861,20.6861,20.6861,20.6861,3.3
16.12.2025 22:18:00.000 UTC,20.6867,20.6867,20.6862,20.6862,9.9
16.12.2025 22:19:00.000 UTC,20.6863,20.6874,20.6861,20.6874,24.9
16.12.2025 22:20:00.000 UTC,20.6874,20.6874,20.6874,20.6874,5.4
16.12.2025 22:21:00.000 UTC,20.6874,20.6874,20.6874,20.6874,14.4
16.12.2025 22:22:00.000 UTC,20.6874,20.6874,20.6874,20.6874,3.6
16.12.2025 22:23:00.000 UTC,20.6874,20.6874,20.6866,20.6874,17.4
16.12.2025 22:24:00.000 UTC,20.6874,20.6874,20.6862,20.6862,4.95
16.12.2025 22:25:00.000 UTC,20.6874,20.6874,20.6874,20.6874,1.8
16.12.2025 22:26:00.000 UTC,20.6863,20.6863,20.686,20.686,8.7
16.12.2025 22:27:00.000 UTC,20.6874,20.6874,20.6874,20.6874,1.8
16.12.2025 22:28:00.000 UTC,20.6872,20.6872,20.6872,20.6872,1.8
16.12.2025 22:29:00.000 UTC,20.6872,20.6872,20.6861,20.6861,3.9
16.12.2025 22:30:00.000 UTC,20.6854,20.6873,20.6854,20.6864,65.34
16.12.2025 22:31:00.000 UTC,20.6885,20.6885,20.6885,20.6885,1.2
16.12.2025 22:32:00.000 UTC,20.6885,20.6885,20.6885,20.6885,3.6
16.12.2025 22:33:00.000 UTC,20.6885,20.6885,20.6885,20.6885,6
16.12.2025 22:34:00.000 UTC,20.6885,20.6885,20.6885,20.6885,9.6
16.12.2025 22:35:00.000 UTC,20.6885,20.6885,20.6885,20.6885,13.2
16.12.2025 22:36:00.000 UTC,20.6885,20.6885,20.6885,20.6885,8.4
16.12.2025 22:37:00.000 UTC,20.6885,20.6885,20.6885,20.6885,3.6
16.12.2025 22:38:00.000 UTC,20.6885,20.6885,20.6885,20.6885,9.6
16.12.2025 22:39:00.000 UTC,20.6889,20.6889,20.6889,20.6889,2.4
16.12.2025 22:40:00.000 UTC,20.6891,20.6891,20.6891,20.6891,6
16.12.2025 22:41:00.000 UTC,20.6891,20.6895,20.6891,20.6895,2.4
16.12.2025 22:42:00.000 UTC,20.6897,20.6897,20.6897,20.6897,15.6
16.12.2025 22:43:00.000 UTC,20.6897,20.6897,20.6897,20.6897,1.2
16.12.2025 22:44:00.000 UTC,20.6897,20.6897,20.6897,20.6897,1.2
16.12.2025 22:46:00.000 UTC,20.6897,20.6897,20.6888,20.6888,2.1
16.12.2025 22:47:00.000 UTC,20.6897,20.6897,20.6897,20.6897,2.4
16.12.2025 22:48:00.000 UTC,20.6897,20.6897,20.6897,20.6897,1.2
16.12.2025 22:49:00.000 UTC,20.6868,20.6868,20.6867,20.6867,16.5
16.12.2025 22:50:00.000 UTC,20.6889,20.6897,20.6887,20.6897,11.1
16.12.2025 22:51:00.000 UTC,20.6897,20.6897,20.6897,20.6897,8.4
16.12.2025 22:52:00.000 UTC,20.6897,20.6897,20.6897,20.6897,4.8
16.12.2025 22:53:00.000 UTC,20.6897,20.6897,20.6897,20.6897,20.4
16.12.2025 22:54:00.000 UTC,20.6898,20.6898,20.6898,20.6898,6
16.12.2025 22:55:00.000 UTC,20.6898,20.6899,20.6874,20.6874,63.6
16.12.2025 22:56:00.000 UTC,20.6874,20.6874,20.6874,20.6874,1.8
16.12.2025 22:57:00.000 UTC,20.6874,20.6874,20.6873,20.6874,51
16.12.2025 22:58:00.000 UTC,20.6874,20.6875,20.6874,20.6875,15.6
16.12.2025 22:59:00.000 UTC,20.6875,20.6875,20.6867,20.6867,18
16.12.2025 23:00:00.000 UTC,20.6867,20.688,20.6844,20.6863,126.33
16.12.2025 23:01:00.000 UTC,20.686,20.6872,20.686,20.6872,12.96
16.12.2025 23:02:00.000 UTC,20.6874,20.6874,20.6874,20.6874,1.2
16.12.2025 23:03:00.000 UTC,20.6874,20.6876,20.6863,20.6863,49.83
16.12.2025 23:04:00.000 UTC,20.6864,20.6865,20.6863,20.6863,7.2
16.12.2025 23:05:00.000 UTC,20.6854,20.6854,20.684,20.6846,10.92
16.12.2025 23:06:00.000 UTC,20.6849,20.6868,20.684,20.6848,25.44
16.12.2025 23:07:00.000 UTC,20.6851,20.6852,20.684,20.6846,14.85
16.12.2025 23:08:00.000 UTC,20.6849,20.6853,20.6848,20.6848,24
16.12.2025 23:09:00.000 UTC,20.6855,20.6865,20.685,20.6865,8.4
16.12.2025 23:10:00.000 UTC,20.6865,20.6903,20.6859,20.6894,381.75
16.12.2025 23:11:00.000 UTC,20.6892,20.6895,20.6892,20.6892,12
16.12.2025 23:12:00.000 UTC,20.6893,20.6908,20.6863,20.6891,69.48
16.12.2025 23:13:00.000 UTC,20.6892,20.6892,20.6892,20.6892,8.4
16.12.2025 23:14:00.000 UTC,20.6892,20.6913,20.6871,20.6901,55.5
16.12.2025 23:15:00.000 UTC,20.69,20.6903,20.6859,20.6897,124.02
16.12.2025 23:16:00.000 UTC,20.6898,20.6922,20.6858,20.6864,555.24
16.12.2025 23:17:00.000 UTC,20.6863,20.6863,20.6822,20.6831,73.44
16.12.2025 23:18:00.000 UTC,20.6831,20.6834,20.6829,20.6829,28.8
16.12.2025 23:19:00.000 UTC,20.683,20.685,20.6771,20.6834,116.67
16.12.2025 23:20:00.000 UTC,20.6827,20.6836,20.6805,20.6824,39.3
16.12.2025 23:21:00.000 UTC,20.6823,20.6836,20.6794,20.6814,71.28
16.12.2025 23:22:00.000 UTC,20.6814,20.6872,20.6779,20.6825,245.34
16.12.2025 23:23:00.000 UTC,20.6817,20.6898,20.6778,20.6839,208.76
16.12.2025 23:24:00.000 UTC,20.6822,20.6844,20.6822,20.6844,21.6
16.12.2025 23:25:00.000 UTC,20.6844,20.6901,20.6784,20.6842,393.42
16.12.2025 23:26:00.000 UTC,20.684,20.6842,20.6826,20.6826,16.8
16.12.2025 23:27:00.000 UTC,20.6823,20.6888,20.6787,20.6831,753.69
16.12.2025 23:28:00.000 UTC,20.6837,20.6886,20.6786,20.6827,207
16.12.2025 23:29:00.000 UTC,20.6811,20.686,20.6781,20.6811,886.71
16.12.2025 23:30:00.000 UTC,20.6791,20.6882,20.6782,20.6832,1303.8
16.12.2025 23:31:00.000 UTC,20.6831,20.685,20.6778,20.6816,1093.05
16.12.2025 23:32:00.000 UTC,20.6806,20.6851,20.6781,20.682,1303.08
16.12.2025 23:33:00.000 UTC,20.6826,20.6859,20.6763,20.6808,1132.02
16.12.2025 23:34:00.000 UTC,20.6813,20.6843,20.6752,20.6806,1253.94
16.12.2025 23:35:00.000 UTC,20.6797,20.6821,20.6759,20.6792,362.01
16.12.2025 23:36:00.000 UTC,20.6785,20.6829,20.6744,20.6798,790.74
16.12.2025 23:37:00.000 UTC,20.6804,20.6834,20.6744,20.6801,1214.4
16.12.2025 23:38:00.000 UTC,20.6801,20.6826,20.6751,20.6801,1141.26
16.12.2025 23:39:00.000 UTC,20.6803,20.6838,20.6758,20.6793,905.49
16.12.2025 23:40:00.000 UTC,20.6801,20.6832,20.6756,20.6785,521.01
16.12.2025 23:41:00.000 UTC,20.6787,20.6828,20.6731,20.6786,1130.13
16.12.2025 23:42:00.000 UTC,20.6779,20.6837,20.6745,20.6771,1218.72
16.12.2025 23:43:00.000 UTC,20.6781,20.6834,20.6744,20.6783,1279.2
16.12.2025 23:44:00.000 UTC,20.6782,20.6821,20.6741,20.6774,1191.84
16.12.2025 23:45:00.000 UTC,20.6762,20.6827,20.6762,20.6789,381.45
16.12.2025 23:46:00.000 UTC,20.6792,20.6814,20.679,20.6804,27.72
16.12.2025 23:47:00.000 UTC,20.6796,20.6827,20.6771,20.6791,196.47
16.12.2025 23:48:00.000 UTC,20.6795,20.6823,20.6789,20.6796,49.8
16.12.2025 23:49:00.000 UTC,20.6796,20.6829,20.6767,20.6791,178.32
16.12.2025 23:50:00.000 UTC,20.6792,20.6833,20.6759,20.6811,1037.76
16.12.2025 23:51:00.000 UTC,20.6817,20.6833,20.6756,20.6786,1139.04
16.12.2025 23:52:00.000 UTC,20.6794,20.6831,20.676,20.6796,1166.64
16.12.2025 23:53:00.000 UTC,20.681,20.6836,20.6766,20.683,492.66
16.12.2025 23:54:00.000 UTC,20.6803,20.6832,20.6764,20.6794,549.84
16.12.2025 23:55:00.000 UTC,20.6787,20.6841,20.6685,20.6755,508.74
16.12.2025 23:56:00.000 UTC,20.6761,20.6808,20.6728,20.6735,139.86
16.12.2025 23:57:00.000 UTC,20.6763,20.6824,20.67,20.6784,619.32
16.12.2025 23:58:00.000 UTC,20.6779,20.6802,20.6775,20.6783,36.24
16.12.2025 23:59:00.000 UTC,20.6771,20.6817,20.6691,20.6791,301.16